Original_Order,handle,Progress
38223,85845,Y
38225,85847,Y
38227,85849,Y
38228,85850,Y
38229,85851,Y
38230,85852,Y
38231,85853,Y
38233,85855,Y
38234,85856,Y
38235,85857,Y
38236,85858,Y
38238,85860,Y
38239,85861,Y
38241,85863,Y
38242,85864,Y
38244,85866,Y
38245,85867,Y
38246,85868,Y
38249,85871,Y
38250,85872,Y
38251,85873,Y
38253,85875,Y
38254,85876,Y
38255,85877,Y
38256,85878,Y
38257,85879,Y
38259,85881,Y
38260,85882,Y
38263,85885,Y
38264,85889,Y
38265,85890,Y
38266,85891,Y
38267,85892,Y
38268,85893,Y
38269,85894,Y
38270,85895,Y
38271,85896,Y
38274,85899,Y
38275,85900,Y
38276,85901,Y
38277,85902,Y
38279,85904,Y
38280,85905,Y
38282,85907,Y
38283,85908,Y
38284,85909,Y
38285,85910,Y
38287,85912,Y
38288,85913,Y
38290,85915,Y
38291,85916,Y
38292,85917,Y
38293,85918,Y
38294,85919,Y
38295,85920,Y
38296,85921,Y
38297,85922,Y
38298,85923,Y
38299,85924,Y
38300,85925,Y
38301,85926,Y
38303,85928,Y
38304,85929,Y
38305,85930,Y
38306,85931,Y
38308,85933,Y
38309,85934,Y
38311,85936,Y
38312,85937,Y
38313,85938,Y
38314,85939,Y
38315,85940,Y
38316,85941,Y
38317,85942,Y
38318,85943,Y
38320,85945,Y
38322,85947,Y
38323,85948,Y
38324,85949,Y
38325,85950,Y
38327,85952,Y
38329,85954,Y
38330,85955,Y
38331,85956,Y
38333,85958,Y
38335,85960,Y
38337,85962,Y
38339,85964,Y
38340,85965,Y
38342,85967,Y
38343,85968,Y
38344,85969,Y
38345,85970,Y
38346,85971,Y
38347,85972,Y
38348,85973,Y
38349,85974,Y
38350,85975,Y
38351,85976,Y
38352,85977,Y
38353,85978,Y
38355,85980,Y
38356,85981,Y
38357,85982,Y
38358,85983,Y
38359,85984,Y
38360,85985,Y
38361,85986,Y
38362,85987,Y
38364,85989,Y
38365,85990,Y
38368,85993,Y
38369,85994,Y
38370,85995,Y
38373,85998,Y
38374,85999,Y
38375,86000,Y
38377,86002,Y
38378,86003,Y
38379,86004,Y
38380,86005,Y
38381,86006,Y
38382,86007,Y
38383,86008,Y
38384,86009,Y
38385,86010,Y
38386,86011,Y
38387,86012,Y
38388,86013,Y
38390,86015,Y
38391,86016,Y
38393,86018,Y
38394,86019,Y
38396,86021,Y
38397,86022,Y
38398,86023,Y
38399,86024,Y
38400,86025,Y
38401,86026,Y
38402,86027,Y
38403,86028,Y
38404,86029,Y
38405,86030,Y
38406,86031,Y
38407,86032,Y
38408,86033,Y
38409,86034,Y
38410,86035,Y
38411,86036,Y
38412,86037,Y
38413,86038,Y
38414,86039,Y
38415,86040,Y
38416,86041,N
38417,86042,N
38418,86043,N
38420,86045,N
38422,86047,N
38424,86049,N
38425,86050,N
38426,86051,N
38427,86052,N
38428,86053,N
38430,86055,N
38432,86057,N
38436,86061,N
38437,86062,N
38438,86063,N
38439,86064,N
38441,86066,N
38442,86067,N
38443,86068,N
38445,86070,N
38446,86071,N
38447,86072,N
38448,86073,N
38449,86074,N
38451,86076,N
38452,86077,N
38453,86078,N
38454,86079,N
38455,86080,N
38456,86081,N
38457,86082,N
38458,86083,N
38459,86084,N
38461,86086,N
38462,86087,N
38463,86088,N
38464,86089,N
38465,86090,N
38469,86094,N
38470,86095,N
38471,86096,N
38473,86098,N
38476,86101,N
38478,86103,N
38479,86104,N
38480,86105,N
38481,86106,N
38482,86107,N
38484,86109,N
38485,86110,N
38486,86111,N
38487,86112,N
38488,86113,N
38489,86114,N
38490,86115,N
38491,86116,N
38493,86118,N
38494,86119,N
38495,86120,N
38497,86122,N
38498,86123,N
38500,86125,N
38501,86126,N
38502,86127,N
38503,86128,N
38505,86130,N
38507,86132,N
38509,86134,N
38512,86137,N
38513,86138,N
38516,86141,N
38517,86142,N
38519,86144,N
38520,86145,N
38521,86146,N
38526,86151,N
38527,86152,N
38528,86153,N
38529,86154,N
38530,86155,N
38531,86156,N
38533,86158,N
38534,86159,N
38535,86160,N
38536,86161,N
38538,86163,N
38539,86164,N
38540,86165,N
38544,86169,N
38546,86171,N
38548,86173,N
38549,86174,N
38554,86179,N
38555,86180,N
38556,86181,N
38557,86182,N
38560,86185,N
38561,86186,N
38562,86187,N
38563,86188,N
38564,86189,N
38565,86190,N
38566,86191,N
38567,86192,N
38568,86193,N
38570,86195,N
38571,86196,N
38572,86197,N
38573,86198,N
38574,86199,N
38575,86200,N
38576,86201,N
38578,86203,N
38579,86204,N
38580,86205,N
38582,86207,N
38585,86210,N
38586,86211,N
38587,86212,N
38592,86217,N
38593,86218,N
38594,86219,N
38595,86220,N
38596,86221,N
38598,86223,N
38599,86224,N
38600,86225,N
38601,86226,N
38602,86227,N
38604,86229,N
38605,86230,N
38606,86231,N
38607,86232,N
38608,86233,N
38609,86234,N
38610,86235,N
38611,86236,N
38612,86237,N
38614,86239,N
38615,86240,N
38616,86241,N
38618,86243,N
38619,86244,N
38620,86245,N
38622,86247,N
38623,86248,N
38624,86249,N
38625,86250,N
38626,86251,N
38627,86252,N
38628,86253,N
38633,86258,N
38638,86263,N
38639,86264,N
38640,86265,N
38641,86266,N
38642,86267,N
38643,86268,N
38644,86269,N
38646,86271,N
38647,86272,N
38649,86274,N
38650,86275,N
38651,86276,N
38652,86277,N
38653,86278,N
38654,86279,N
38655,86280,N
38656,86281,N
38657,86282,N
38658,86283,N
38665,86290,N
38666,86291,N
38669,86294,N
38671,86296,N
38672,86297,N
38673,86298,N
38676,86301,N
38677,86302,N
38678,86303,N
38679,86304,N
38682,86307,N
38683,86308,N
38684,86309,N
38685,86310,N
38687,86312,N
38688,86313,N
38689,86314,N
38690,86315,N
38691,86316,N
38692,86317,N
38693,86318,N
38694,86319,N
38695,86320,N
38696,86321,N
38697,86322,N
38698,86323,N
38699,86324,N
38701,86326,N
38702,86327,N
38706,86331,N
38708,86333,N
38710,86335,N
38711,86336,N
38712,86337,N
38714,86339,N
38715,86340,N
38716,86341,N
38717,86342,N
38718,86343,N
38719,86344,N
38720,86345,N
38722,86347,N
38724,86349,N
38725,86350,N
38726,86351,N
38729,86354,N
38730,86355,N
38731,86356,N
38732,86357,N
38733,86358,N
38734,86359,N
38737,86362,N
38739,86364,N
38741,86366,N
38742,86367,N
38744,86369,N
38745,86370,N
38746,86371,N
38747,86372,N
38748,86373,N
38749,86374,N
38750,86375,N
38751,86376,N
38752,86377,N
38753,86378,N
38754,86379,N
38756,86381,N
38757,86382,N
38758,86383,N
38759,86384,N
38760,86385,N
38761,86386,N
38763,86388,N
38764,86389,N
38765,86390,N
38766,86391,N
38767,86392,N
38768,86393,N
38769,86394,N
38770,86395,N
38771,86396,N
38772,86397,N
38773,86398,N
38774,86399,N
38775,86400,N
38776,86401,N
38777,86402,N
38778,86403,N
38779,86404,N
38781,86406,N
38782,86407,N
38784,86409,N
38785,86410,N
38786,86411,N
38787,86412,N
38790,86415,N
38791,86416,N
38792,86417,N
38793,86418,N
38794,86419,N
38795,86420,N
38796,86421,N
38797,86422,N
38798,86423,N
38799,86424,N
38800,86425,N
38801,86426,N
38802,86427,N
38803,86428,N
38804,86429,N
38805,86430,N
38806,86431,N
38807,86432,N
38808,86433,N
38809,86434,N
38810,86435,N
38811,86436,N
38812,86437,N
38813,86438,N
38814,86439,N
38815,86440,N
38816,86441,N
38817,86442,N
38818,86443,N
38819,86444,N
38820,86445,N
38821,86446,N
38822,86447,N
38824,86449,N
38825,86450,N
38826,86451,N
38827,86452,N
38828,86453,N
38829,86454,N
38831,86456,N
38832,86457,N
38833,86458,N
38834,86459,N
38835,86460,N
38836,86461,N
38837,86462,N
38838,86463,N
38839,86464,N
38840,86465,N
38842,86467,N
38843,86468,N
38844,86469,N
38845,86470,N
38846,86471,N
38847,86472,N
38848,86473,N
38849,86474,N
38850,86475,N
38851,86476,N
38852,86477,N
38853,86478,N
38854,86479,N
38855,86480,N
38856,86481,N
38858,86483,N
38859,86484,N
38860,86485,N
38861,86486,N
38862,86487,N
38863,86488,N
38864,86489,N
38865,86490,N
38868,86493,N
38869,86494,N
38870,86495,N
38871,86496,N
38872,86497,N
38873,86498,N
38874,86499,N
38875,86500,N
38876,86501,N
38878,86503,N
38879,86504,N
38880,86505,N
38881,86506,N
38882,86507,N
38883,86508,N
38884,86509,N
38885,86510,N
38886,86511,N
38888,86513,N
38889,86514,N
38890,86515,N
38891,86516,N
38892,86517,N
38893,86518,N
38894,86519,N
38895,86520,N
38896,86521,N
38897,86522,N
38898,86523,N
38900,86525,N
38902,86527,N
38903,86528,N
38905,86530,N
38906,86531,N
38907,86532,N
38909,86534,N
38910,86535,N
38911,86536,N
38912,86537,N
38913,86538,N
38914,86539,N
38915,86540,N
38916,86541,N
38917,86542,N
38918,86543,N
38919,86544,N
38920,86545,N
38921,86546,N
38924,86549,N
38925,86550,N
38926,86551,N
38927,86552,N
38928,86553,N
38929,86554,N
38930,86555,N
38931,86556,N
38932,86557,N
38933,86558,N
38934,86559,N
38936,86561,N
38937,86562,N
38938,86563,N
38939,86564,N
38940,86565,N
38941,86566,N
38942,86567,N
38943,86568,N
38944,86569,N
38945,86570,N
38947,86572,N
38948,86573,N
38950,86575,N
38952,86577,N
38953,86578,N
38954,86579,N
38955,86580,N
38956,86581,N
38957,86582,N
38959,86584,N
38960,86585,N
38961,86586,N
38962,86587,N
38963,86588,N
38964,86589,N
38965,86590,N
38967,86592,N
38968,86593,N
38969,86594,N
38970,86595,N
38971,86596,N
38972,86597,N
38975,86600,N
38976,86601,N
38977,86602,N
38978,86603,N
38979,86604,N
38980,86605,N
38981,86606,N
38984,86609,N
38985,86610,N
38986,86611,N
38987,86612,N
38989,86614,N
38990,86615,N
38991,86616,N
38992,86617,N
38993,86618,N
38995,86620,N
38996,86621,N
38997,86622,N
38998,86623,N
38999,86624,N
39000,86625,N
39001,86626,N
39002,86627,N
39003,86628,N
39005,86630,N
39006,86631,N
39008,86633,N
39010,86635,N
39011,86636,N
39014,86639,N
39016,86641,N
39017,86642,N
39018,86643,N
39019,86644,N
39021,86646,N
39022,86647,N
39024,86649,N
39026,86651,N
39027,86652,N
39028,86653,N
39029,86654,N
39032,86657,N
39034,86659,N
39035,86660,N
39036,86661,N
39038,86663,N
39039,86664,N
39040,86665,N
39041,86666,N
39043,86668,N
39044,86669,N
39045,86670,N
39046,86671,N
39048,86673,N
39049,86674,N
39050,86675,N
39053,86678,N
39054,86679,N
39055,86680,N
39058,86683,N
39060,86685,N
39061,86686,N
39062,86687,N
39064,86689,N
39065,86690,N
39067,86692,N
39068,86693,N
39069,86694,N
39070,86695,N
39071,86696,N
39072,86697,N
39074,86699,N
39075,86700,N
39076,86701,N
39077,86702,N
39078,86703,N
39079,86704,N
39080,86705,N
39082,86707,N
39084,86709,N
39085,86710,N
39086,86711,N
39087,86712,N
39088,86713,N
39089,86714,N
39091,86716,N
39092,86717,N
39095,86720,N
39096,86721,N
39097,86722,N
39098,86723,N
39099,86724,N
39100,86725,N
39101,86726,N
39102,86727,N
39103,86728,N
39104,86729,N
39105,86730,N
39106,86731,N
39107,86732,N
39108,86733,N
39109,86734,N
39110,86735,N
39111,86736,N
39112,86737,N
39113,86738,N
39114,86739,N
39115,86740,N
39116,86741,N
39117,86742,N
39118,86743,N
39119,86744,N
39120,86745,N
39121,86746,N
39122,86747,N
39123,86748,N
39124,86749,N
39126,86751,N
39127,86752,N
39128,86753,N
39129,86754,N
39130,86755,N
39131,86756,N
39132,86757,N
39133,86758,N
39135,86760,N
39136,86761,N
39138,86763,N
39139,86764,N
39140,86765,N
39141,86766,N
39143,86768,N
39144,86769,N
39145,86770,N
39146,86771,N
39147,86772,N
39148,86773,N
39149,86774,N
39152,86777,N
39153,86778,N
39158,86783,N
39159,86784,N
39160,86785,N
39162,86787,N
39163,86788,N
39169,86794,N
39170,86795,N
39171,86796,N
39172,86797,N
39174,86799,N
39175,86800,N
39176,86801,N
39177,86802,N
39180,86805,N
39181,86806,N
39182,86807,N
39184,86809,N
39186,86811,N
39188,86813,N
39189,86814,N
39190,86815,N
39191,86816,N
39195,86820,N
39197,86822,N
39199,86824,N
39200,86825,N
39201,86826,N
39203,86828,N
39204,86829,N
39205,86830,N
39206,86831,N
39207,86832,N
39210,86835,N
39211,86836,N
39212,86837,N
39213,86838,N
39215,86840,N
39216,86841,N
39217,86842,N
39218,86843,N
39219,86844,N
39220,86845,N
39221,86846,N
39222,86847,N
39223,86848,N
39225,86850,N
39227,86852,N
39228,86853,N
39229,86854,N
39230,86855,N
39231,86856,N
39233,86858,N
39234,86859,N
39235,86860,N
39239,86864,N
39240,86865,N
39241,86866,N
39242,86867,N
39243,86868,N
39245,86870,N
39246,86871,N
39247,86872,N
39248,86873,N
39249,86874,N
39250,86875,N
39252,86877,N
39253,86878,N
39254,86879,N
39255,86880,N
39256,86881,N
39258,86883,N
39261,86886,N
39262,86887,N
39263,86888,N
39264,86889,N
39265,86890,N
39266,86891,N
39267,86892,N
39268,86893,N
39269,86894,N
39271,86896,N
39272,86897,N
39273,86898,N
39274,86899,N
39275,86900,N
39276,86901,N
39277,86902,N
39278,86903,N
39279,86904,N
39280,86905,N
39281,86906,N
39282,86907,N
39283,86908,N
39284,86909,N
39285,86910,N
39286,86911,N
39287,86912,N
39288,86913,N
39289,86914,N
39290,86915,N
39291,86916,N
39292,86917,N
39293,86918,N
39294,86919,N
39296,86921,N
39297,86922,N
39298,86923,N
39299,86924,N
39300,86925,N
39301,86926,N
39302,86927,N
39303,86928,N
39304,86929,N
39305,86930,N
39306,86931,N
39307,86932,N
39308,86933,N
39309,86934,N
39310,86935,N
39311,86936,N
39312,86937,N
39313,86938,N
39315,86940,N
39316,86941,N
39317,86942,N
39319,86944,N
39320,86945,N
39321,86946,N
39322,86947,N
39323,86948,N
39324,86949,N
39326,86951,N
39327,86952,N
39328,86953,N
39330,86955,N
39331,86956,N
39333,86958,N
39336,86961,N
39338,86963,N
39340,86965,N
39342,86967,N
39343,86968,N
39344,86969,N
39348,86973,N
39349,86974,N
39351,86976,N
39352,86977,N
39353,86978,N
39356,86981,N
39358,86983,N
39359,86984,N
39360,86985,N
39361,86986,N
39362,86987,N
39363,86988,N
39364,86989,N
39366,86991,N
39368,86993,N
39369,86994,N
39370,86995,N
39373,86998,N
39376,87001,N
39377,87002,N
39378,87003,N
39380,87005,N
39381,87006,N
39382,87007,N
39384,87009,N
39385,87010,N
39386,87011,N
39387,87012,N
39388,87013,N
39389,87014,N
39390,87015,N
39391,87016,N
39392,87017,N
39393,87018,N
39394,87019,N
39395,87020,N
39396,87021,N
39397,87022,N
39398,87023,N
39399,87024,N
39400,87025,N
39401,87026,N
39402,87027,N
39403,87028,N
39404,87029,N
39405,87030,N
39406,87031,N
39407,87032,N
39408,87033,N
39409,87034,N
39411,87036,N
39412,87037,N
39413,87038,N
39414,87039,N
39415,87040,N
39416,87041,N
39417,87042,N
39418,87043,N
39419,87044,N
39420,87045,N
39423,87048,N
39424,87049,N
39425,87050,N
39427,87052,N
39428,87053,N
39429,87054,N
39430,87055,N
39431,87056,N
39432,87057,N
39433,87058,N
39435,87060,N
39436,87061,N
39437,87062,N
39438,87063,N
39439,87064,N
39440,87065,N
39441,87066,N
39442,87067,N
39443,87068,N
39444,87069,N
39445,87070,N
39446,87071,N
39447,87072,N
39448,87073,N
39449,87074,N
39450,87075,N
39455,87080,N
39456,87081,N
39457,87082,N
39458,87083,N
39459,87084,N
39460,87085,N
39461,87086,N
39462,87087,N
39463,87088,N
39464,87089,N
39465,87090,N
39466,87091,N
39467,87092,N
39468,87093,N
39469,87094,N
39470,87095,N
39471,87096,N
39472,87097,N
39473,87098,N
39474,87099,N
39475,87100,N
39476,87101,N
39477,87102,N
39479,87104,N
39480,87105,N
39482,87107,N
39483,87108,N
39484,87109,N
39485,87110,N
39486,87111,N
39487,87112,N
39488,87113,N
39489,87114,N
39490,87115,N
39491,87116,N
39493,87118,N
39494,87119,N
39495,87120,N
39496,87121,N
39497,87122,N
39498,87123,N
39499,87124,N
39502,87127,N
39503,87128,N
39504,87129,N
39505,87130,N
39506,87131,N
39507,87132,N
39508,87133,N
39510,87135,N
39511,87136,N
39512,87137,N
39513,87138,N
39514,87139,N
39515,87140,N
39517,87142,N
39518,87143,N
39519,87144,N
39521,87146,N
39522,87147,N
39523,87148,N
39524,87149,N
39525,87150,N
39526,87151,N
39527,87152,N
39528,87153,N
39529,87154,N
39530,87155,N
39532,87157,N
39534,87159,N
39536,87161,N
39538,87163,N
39540,87165,N
39541,87166,N
39543,87168,N
39545,87170,N
39546,87171,N
39547,87172,N
39548,87173,N
39549,87174,N
39550,87175,N
39552,87177,N
39554,87179,N
39557,87182,N
39559,87184,N
39560,87185,N
39561,87186,N
39562,87187,N
39563,87188,N
39564,87189,N
39565,87190,N
39566,87191,N
39567,87192,N
39568,87193,N
39569,87194,N
39571,87196,N
39572,87197,N
39573,87198,N
39574,87199,N
39576,87201,N
39577,87202,N
39578,87203,N
39579,87204,N
39580,87205,N
39581,87206,N
39582,87207,N
39583,87208,N
39584,87209,N
39585,87210,N
39586,87211,N
39587,87212,N
39588,87213,N
39589,87214,N
39590,87215,N
39591,87216,N
39592,87217,N
39593,87218,N
39595,87220,N
39597,87222,N
39598,87223,N
39599,87224,N
39601,87226,N
39602,87227,N
39603,87228,N
39604,87229,N
39605,87230,N
39606,87231,N
39607,87232,N
39608,87233,N
39609,87234,N
39610,87235,N
39611,87236,N
39612,87237,N
39613,87238,N
39614,87239,N
39615,87240,N
39616,87241,N
39618,87243,N
39619,87244,N
39620,87245,N
39621,87246,N
39622,87247,N
39623,87248,N
39624,87249,N
39625,87250,N
39626,87251,N
39627,87252,N
39628,87253,N
39629,87254,N
39630,87255,N
39631,87256,N
39632,87257,N
39635,87260,N
39636,87261,N
39637,87262,N
39638,87263,N
39639,87264,N
39640,87265,N
39642,87267,N
39643,87268,N
39644,87269,N
39645,87270,N
39646,87271,N
39647,87272,N
39648,87273,N
39649,87274,N
39650,87275,N
39651,87276,N
39652,87277,N
39654,87279,N
39655,87280,N
39656,87281,N
39657,87282,N
39659,87284,N
39660,87285,N
39661,87286,N
39662,87287,N
39663,87288,N
39666,87291,N
39667,87292,N
39668,87293,N
39670,87295,N
39671,87296,N
39673,87298,N
39675,87300,N
39677,87302,N
39678,87303,N
39680,87305,N
39681,87306,N
39683,87308,N
39684,87309,N
39685,87310,N
39689,87314,N
39690,87315,N
39693,87318,N
39695,87320,N
39696,87321,N
39697,87322,N
39698,87323,N
39699,87324,N
39700,87325,N
39701,87326,N
39702,87327,N
39703,87328,N
39704,87329,N
39705,87330,N
39706,87331,N
39708,87333,N
39709,87334,N
39710,87335,N
39711,87336,N
39712,87337,N
39714,87339,N
39715,87340,N
39716,87341,N
39717,87342,N
39718,87343,N
39720,87345,N
39721,87346,N
39722,87347,N
39723,87348,N
39724,87349,N
39725,87350,N
39726,87351,N
39727,87352,N
39728,87353,N
39729,87354,N
39730,87355,N
39731,87356,N
39732,87357,N
39733,87358,N
39734,87359,N
39735,87360,N
39736,87361,N
39737,87362,N
39738,87363,N
39739,87364,N
39740,87365,N
39741,87366,N
39742,87367,N
39743,87368,N
39744,87369,N
39745,87370,N
39747,87372,N
39749,87374,N
39750,87375,N
39751,87376,N
39752,87377,N
39754,87379,N
39755,87380,N
39756,87381,N
39758,87383,N
39760,87385,N
39762,87387,N
39765,87390,N
39766,87391,N
39768,87393,N
39769,87394,N
39772,87397,N
39773,87398,N
39776,87401,N
39780,87405,N
39781,87406,N
39782,87407,N
39783,87408,N
39784,87409,N
39785,87410,N
39786,87411,N
39787,87412,N
39788,87413,N
39789,87414,N
39790,87415,N
39791,87416,N
39793,87418,N
39794,87419,N
39795,87420,N
39796,87421,N
39799,87424,N
39800,87425,N
39801,87426,N
39803,87428,N
39804,87429,N
39805,87430,N
39807,87432,N
39808,87433,N
39810,87435,N
39811,87436,N
39812,87437,N
39814,87439,N
39815,87440,N
39816,87441,N
39817,87442,N
39818,87443,N
39819,87444,N
39820,87445,N
39821,87446,N
39822,87447,N
39823,87448,N
39824,87449,N
39825,87450,N
39827,87452,N
39828,87453,N
39829,87454,N
39830,87455,N
39831,87456,N
39832,87457,N
39833,87458,N
39834,87459,N
39835,87460,N
39837,87462,N
39838,87463,N
39840,87465,N
39841,87466,N
39843,87468,N
39844,87469,N
39845,87470,N
39846,87471,N
39847,87472,N
39848,87473,N
39849,87474,N
39850,87475,N
39851,87476,N
39852,87477,N
39853,87478,N
39854,87479,N
39855,87480,N
39856,87481,N
39857,87482,N
39858,87483,N
39859,87484,N
39860,87485,N
39861,87486,N
39862,87487,N
39863,87488,N
39865,87490,N
39866,87491,N
39867,87492,N
39868,87493,N
39869,87494,N
39870,87495,N
39871,87496,N
39872,87497,N
39873,87498,N
39874,87499,N
39875,87500,N
39876,87501,N
39877,87502,N
39878,87503,N
39880,87505,N
39881,87506,N
39882,87507,N
39883,87508,N
39884,87509,N
39885,87510,N
39886,87511,N
39887,87512,N
39888,87513,N
39889,87514,N
39890,87515,N
39891,87516,N
39892,87517,N
39893,87518,N
39894,87519,N
39895,87520,N
39896,87521,N
39897,87522,N
39899,87524,N
39900,87525,N
39901,87526,N
39902,87527,N
39903,87528,N
39905,87530,N
39907,87532,N
39908,87533,N
39909,87534,N
39911,87536,N
39912,87537,N
39913,87538,N
39914,87539,N
39915,87540,N
39916,87541,N
39917,87542,N
39918,87543,N
39919,87544,N
39920,87545,N
39921,87546,N
39922,87547,N
39923,87548,N
39924,87549,N
39925,87550,N
39926,87551,N
39927,87552,N
39928,87553,N
39930,87555,N
39931,87556,N
39932,87557,N
39933,87558,N
39934,87559,N
39935,87560,N
39938,87563,N
39939,87564,N
39941,87566,N
39942,87567,N
39945,87570,N
39947,87572,N
39948,87573,N
39949,87574,N
39951,87576,N
39952,87577,N
39953,87578,N
39955,87580,N
39956,87581,N
39957,87582,N
39959,87584,N
39960,87585,N
39961,87586,N
39962,87587,N
39965,87590,N
39967,87592,N
39969,87594,N
39970,87595,N
39971,87596,N
39972,87597,N
39973,87598,N
39975,87600,N
39978,87603,N
39979,87604,N
39980,87605,N
39982,87607,N
39983,87608,N
39984,87609,N
39986,87611,N
39987,87612,N
39988,87613,N
39990,87615,N
39992,87617,N
39995,87620,N
39996,87621,N
39998,87623,N
39999,87624,N
40000,87625,N
40003,87628,N
40004,87629,N
40005,87630,N
40006,87631,N
40008,87633,N
40009,87634,N
40010,87635,N
40011,87636,N
40012,87637,N
40013,87638,N
40014,87639,N
40015,87640,N
40016,87641,N
40017,87642,N
40019,87644,N
40020,87645,N
40021,87646,N
40022,87647,N
40023,87648,N
40026,87651,N
40027,87652,N
40028,87653,N
40029,87654,N
40030,87655,N
40032,87657,N
40033,87658,N
40034,87659,N
40036,87661,N
40037,87662,N
40038,87663,N
40039,87664,N
40040,87665,N
40041,87666,N
40042,87667,N
40043,87668,N
40044,87669,N
40045,87670,N
40046,87671,N
40047,87672,N
40048,87673,N
40049,87674,N
40050,87675,N
40051,87676,N
40052,87677,N
40053,87678,N
40054,87679,N
40055,87680,N
40056,87681,N
40057,87682,N
40058,87683,N
40059,87684,N
40060,87685,N
40061,87686,N
40063,87688,N
40064,87689,N
40065,87690,N
40067,87692,N
40069,87694,N
40070,87695,N
40071,87696,N
40072,87697,N
40073,87698,N
40074,87699,N
40078,87703,N
40079,87704,N
40080,87705,N
40082,87707,N
40083,87708,N
40084,87709,N
40085,87710,N
40087,87712,N
40088,87713,N
40089,87714,N
40090,87715,N
40092,87717,N
40093,87718,N
40094,87719,N
40095,87720,N
40097,87722,N
40098,87723,N
40099,87724,N
40100,87725,N
40102,87727,N
40103,87728,N
40104,87729,N
40105,87730,N
40106,87731,N
40107,87732,N
40109,87734,N
40110,87735,N
40113,87738,N
40114,87739,N
40115,87740,N
40116,87741,N
40118,87743,N
40119,87744,N
40120,87745,N
40122,87747,N
40123,87748,N
40124,87749,N
40125,87750,N
40126,87751,N
40127,87752,N
40128,87753,N
40129,87754,N
40130,87755,N
40131,87756,N
40132,87757,N
40133,87758,N
40134,87759,N
40135,87760,N
40136,87761,N
40137,87762,N
40139,87764,N
40140,87765,N
40142,87767,N
40143,87768,N
40144,87769,N
40145,87770,N
40146,87771,N
40147,87772,N
40151,87776,N
40152,87777,N
40154,87779,N
40155,87780,N
40156,87781,N
40157,87782,N
40158,87783,N
40159,87784,N
40160,87785,N
40161,87786,N
40162,87787,N
40163,87788,N
40164,87789,N
40166,87791,N
40167,87792,N
40168,87793,N
40169,87794,N
40170,87795,N
40171,87796,N
40173,87798,N
40174,87799,N
40175,87800,N
40176,87801,N
40177,87802,N
40178,87803,N
40179,87804,N
40180,87805,N
40181,87806,N
40182,87807,N
40183,87808,N
40184,87809,N
40185,87810,N
40186,87811,N
40187,87812,N
40189,87814,N
40190,87815,N
40192,87817,N
40193,87818,N
40194,87819,N
40195,87820,N
40196,87821,N
40197,87822,N
40199,87824,N
40200,87825,N
40201,87826,N
40202,87827,N
40204,87829,N
40205,87830,N
40206,87831,N
40207,87832,N
40208,87833,N
40209,87834,N
40210,87835,N
40211,87836,N
40212,87837,N
40213,87838,N
40214,87839,N
40215,87840,N
40216,87841,N
40218,87843,N
40219,87846,N
40220,87847,N
40221,87848,N
40222,87849,N
40223,87850,N
40224,87851,N
40226,87853,N
40227,87854,N
40228,87855,N
40229,87856,N
40230,87857,N
40231,87858,N
40232,87859,N
40233,87860,N
40234,87861,N
40236,87863,N
40237,87864,N
40238,87865,N
40239,87866,N
40240,87867,N
40241,87868,N
40242,87869,N
40244,87871,N
40246,87873,N
40247,87874,N
40248,87875,N
40249,87876,N
40251,87878,N
40252,87879,N
40253,87880,N
40255,87882,N
40256,87883,N
40257,87884,N
40258,87885,N
40260,87887,N
40262,87889,N
40263,87890,N
40264,87891,N
40265,87892,N
40266,87893,N
40267,87894,N
40268,87895,N
40269,87896,N
40270,87897,N
40272,87899,N
40273,87900,N
40274,87901,N
40275,87902,N
40276,87903,N
40278,87905,N
40279,87906,N
40280,87907,N
40281,87908,N
40283,87910,N
40284,87911,N
40285,87912,N
40286,87913,N
40288,87915,N
40289,87916,N
40290,87917,N
40291,87918,N
40292,87919,N
40293,87920,N
40294,87921,N
40295,87922,N
40297,87924,N
40298,87925,N
40299,87926,N
40302,87929,N
40303,87930,N
40304,87931,N
40305,87932,N
40307,87934,N
40308,87935,N
40309,87936,N
40312,87939,N
40314,87944,N
40315,87945,N
40317,87947,N
40318,87948,N
40319,87949,N
40325,87955,N
40326,87956,N
40329,87959,N
40330,87960,N
40331,87961,N
40332,87962,N
40333,87963,N
40334,87964,N
40341,87971,N
40343,87973,N
40345,87975,N
40346,87976,N
40347,87977,N
40348,87978,N
40349,87979,N
40350,87980,N
40351,87981,N
40353,87983,N
40354,87984,N
40355,87985,N
40357,87987,N
40358,87988,N
40359,87989,N
40360,87990,N
40362,87992,N
40364,87994,N
40365,87995,N
40368,87998,N
40369,87999,N
40370,88000,N
40371,88001,N
40372,88002,N
40373,88003,N
40375,88005,N
40376,88006,N
40377,88007,N
40378,88008,N
40379,88009,N
40380,88010,N
40383,88013,N
40384,88014,N
40385,88015,N
40386,88016,N
40388,88018,N
40389,88019,N
40390,88020,N
40392,88022,N
40393,88023,N
40394,88024,N
40395,88025,N
40396,88026,N
40400,88030,N
40402,88032,N
40404,88034,N
40406,88036,N
40407,88037,N
40408,88038,N
40409,88039,N
40413,88043,N
40415,88045,N
40416,88046,N
40417,88047,N
40418,88048,N
40419,88049,N
40420,88050,N
40423,88053,N
40424,88054,N
40425,88055,N
40426,88056,N
40427,88057,N
40429,88059,N
40433,88063,N
40434,88064,N
40435,88065,N
40436,88066,N
40437,88067,N
40438,88068,N
40439,88069,N
40440,88070,N
40441,88071,N
40442,88072,N
40443,88073,N
40445,88075,N
40446,88076,N
40447,88077,N
40448,88078,N
40449,88079,N
40450,88080,N
40451,88081,N
40452,88082,N
40454,88084,N
40456,88086,N
40457,88087,N
40458,88088,N
40459,88089,N
40460,88090,N
40461,88091,N
40463,88093,N
40464,88094,N
40465,88095,N
40469,88099,N
40471,88101,N
40473,88103,N
40474,88104,N
40475,88105,N
40477,88107,N
40478,88108,N
40481,88111,N
40482,88112,N
40484,88114,N
40487,88117,N
40488,88118,N
40492,88122,N
40493,88123,N
40495,88125,N
40496,88126,N
40497,88127,N
40499,88129,N
40501,88131,N
40502,88132,N
40503,88133,N
40505,88135,N
40506,88136,N
40507,88137,N
40509,88139,N
40511,88141,N
40513,88143,N
40515,88145,N
40517,88147,N
40520,88150,N
40522,88152,N
40526,88156,N
40530,88160,N
40531,88161,N
40536,88166,N
40539,88169,N
40542,88172,N
40547,88177,N
40549,88179,N
40551,88181,N
40552,88182,N
40553,88183,N
40554,88184,N
40555,88185,N
40556,88186,N
40559,88189,N
40560,88190,N
40561,88191,N
40562,88192,N
40564,88194,N
40565,88195,N
40566,88196,N
40568,88198,N
40571,88201,N
40572,88202,N
40573,88203,N
40574,88204,N
40577,88207,N
40578,88208,N
40581,88211,N
40582,88212,N
40584,88214,N
40586,88216,N
40589,88219,N
40593,88223,N
40594,88224,N
40595,88225,N
40597,88227,N
40598,88228,N
40600,88230,N
40602,88232,N
40605,88235,N
40607,88237,N
40608,88238,N
40610,88240,N
40611,88241,N
40615,88245,N
40619,88249,N
40621,88251,N
40622,88252,N
40623,88253,N
40624,88254,N
40626,88256,N
40628,88258,N
40629,88259,N
40631,88261,N
40632,88262,N
40633,88263,N
40635,88265,N
40638,88268,N
40639,88269,N
40640,88270,N
40644,88274,N
40646,88276,N
40648,88278,N
40649,88279,N
40650,88280,N
40651,88281,N
40652,88282,N
40654,88284,N
40655,88285,N
40657,88287,N
40658,88288,N
40659,88289,N
40661,88291,N
40665,88295,N
40666,88296,N
40671,88301,N
40673,88303,N
40676,88306,N
40679,88309,N
40680,88310,N
40686,88316,N
40688,88318,N
40690,88320,N
40691,88321,N
40692,88322,N
40693,88334,N
40694,88341,N
40695,88420,N
40696,88421,N
40697,88422,N
40699,88687,N
40702,88931,N
40703,88932,N
40704,88933,N
40705,88934,N
40706,88935,N
40707,88936,N
40708,88937,N
40710,88939,N
40711,88940,N
40712,88941,N
40713,88942,N
40715,88944,N
40716,88945,N
40717,88946,N
40719,88948,N
40720,88949,N
40724,88953,N
40725,88954,N
40726,88955,N
40727,88956,N
40728,88957,N
40731,88960,N
40732,88961,N
40733,88962,N
40734,88963,N
40735,88964,N
40736,88965,N
40738,88967,N
40739,88968,N
40741,88970,N
40745,88974,N
40747,88976,N
40749,88978,N
40751,88980,N
40752,88981,N
40754,88983,N
40755,88984,N
40756,88985,N
40757,88986,N
40758,88987,N
40762,88991,N
40763,88992,N
40765,88994,N
40767,88996,N
40768,88997,N
40769,88998,N
40770,88999,N
40771,89000,N
40772,89001,N
40773,89002,N
40774,89003,N
40775,89004,N
40777,89006,N
40778,89007,N
40779,89008,N
40781,89010,N
40782,89011,N
40787,89016,N
40789,89018,N
40790,89019,N
40795,89024,N
40796,89025,N
40798,89027,N
40799,89028,N
40800,89029,N
40804,89033,N
40805,89034,N
40809,89038,N
40810,89039,N
40811,89040,N
40812,89041,N
40814,89043,N
40816,89045,N
40817,89046,N
40818,89047,N
40819,89048,N
40820,89049,N
40821,89050,N
40822,89051,N
40823,89052,N
40824,89053,N
40825,89054,N
40826,89055,N
40827,89056,N
40828,89057,N
40830,89059,N
40831,89060,N
40832,89061,N
40833,89062,N
40835,89064,N
40836,89065,N
40838,89067,N
40839,89068,N
40840,89069,N
40842,89071,N
40843,89072,N
40846,89075,N
40847,89076,N
40848,89077,N
40849,89078,N
40850,89079,N
40852,89081,N
40853,89082,N
40854,89083,N
40855,89084,N
40857,89086,N
40858,89087,N
40859,89088,N
40860,89089,N
40864,89093,N
40865,89094,N
40866,89095,N
40870,89099,N
40871,89100,N
40875,89104,N
40876,89105,N
40877,89106,N
40882,89111,N
40883,89112,N
40886,89115,N
40888,89117,N
40891,89120,N
40892,89121,N
40894,89123,N
40896,89125,N
40898,89127,N
40899,89128,N
40900,89129,N
40901,89130,N
40904,89133,N
40905,89134,N
40906,89135,N
40907,89136,N
40909,89138,N
40914,89143,N
40919,89148,N
40920,89149,N
40921,89150,N
40923,89152,N
40924,89153,N
40925,89154,N
40928,89157,N
40932,89161,N
40933,89162,N
40935,89164,N
40939,89168,N
40941,89170,N
40942,89171,N
40943,89172,N
40945,89174,N
40947,89176,N
40948,89177,N
40951,89180,N
40955,89184,N
40956,89185,N
40957,89186,N
40965,89194,N
40972,89201,N
40973,89202,N
40975,89204,N
40977,89206,N
40978,89207,N
40980,89209,N
40982,89211,N
40989,89218,N
40990,89219,N
40992,89221,N
40994,89223,N
40995,89224,N
40997,89226,N
40999,89228,N
41001,89230,N
41003,89232,N
41006,89235,N
41012,89241,N
41013,89242,N
41014,89243,N
41016,89263,N
41017,89264,N
41018,89265,N
41019,89266,N
41024,89271,N
41025,89272,N
41026,89273,N
41030,89277,N
41031,89278,N
41032,89279,N
41033,89280,N
41034,89281,N
41035,89282,N
41036,89283,N
41040,89287,N
41041,89514,N
41042,90062,N
41043,90063,N
41046,90066,N
41047,90067,N
41048,90293,N
41049,90447,N
41051,90449,N
41052,90450,N
41053,90451,N
41054,90452,N
41056,90454,N
41058,90456,N
41060,90458,N
41061,90459,N
41064,90462,N
41065,90463,N
41069,90467,N
41070,90468,N
41071,90469,N
41073,90471,N
41074,90472,N
41075,90473,N
41076,90474,N
41077,90475,N
41080,90478,N
41081,90479,N
41083,90481,N
41085,90483,N
41086,90484,N
41088,90486,N
41090,90488,N
41091,90489,N
41092,90490,N
41093,90491,N
41095,90493,N
41096,90494,N
41099,90497,N
41105,90503,N
41106,90504,N
41107,90505,N
41109,90507,N
41111,90509,N
41113,90511,N
41114,90512,N
41115,90513,N
41116,90514,N
41118,90516,N
41119,90517,N
41120,90518,N
41121,90519,N
41122,90520,N
41123,90521,N
41127,90525,N
41128,90526,N
41130,90528,N
41131,90529,N
41132,90530,N
41133,90531,N
41134,90532,N
41135,90533,N
41136,90534,N
41137,90535,N
41138,90536,N
41139,90537,N
41140,90538,N
41141,90539,N
41144,90542,N
41148,90546,N
41150,90548,N
41151,90549,N
41153,90551,N
41154,90552,N
41155,90553,N
41156,90554,N
41162,90560,N
41165,90563,N
41166,90564,N
41169,90567,N
41170,90568,N
41171,90569,N
41172,90570,N
41174,90572,N
41175,90573,N
41176,90574,N
41179,90577,N
41180,90578,N
41181,90579,N
41182,90580,N
41183,90581,N
41184,90582,N
41185,90583,N
41186,90584,N
41188,90586,N
41189,90587,N
41190,90588,N
41191,90589,N
41192,90590,N
41193,90591,N
41195,90593,N
41196,90594,N
41198,90596,N
41199,90597,N
41201,90599,N
41202,90600,N
41203,90601,N
41204,90602,N
41206,90604,N
41207,90605,N
41208,90606,N
41209,90607,N
41210,90608,N
41211,90609,N
41212,90610,N
41213,90611,N
41215,90613,N
41216,90614,N
41217,90615,N
41218,90616,N
41220,90618,N
41221,90619,N
41226,90624,N
41227,90625,N
41230,90628,N
41231,90629,N
41232,90630,N
41233,90631,N
41234,90632,N
41235,90633,N
41236,90634,N
41237,90635,N
41239,90637,N
41240,90638,N
41246,90644,N
41247,90645,N
41248,90646,N
41250,90648,N
41252,90650,N
41253,90651,N
41254,90652,N
41256,90654,N
41259,90657,N
41260,90658,N
41261,90659,N
41262,90660,N
41263,90661,N
41265,90663,N
41266,90664,N
41268,90666,N
41273,90671,N
41274,90672,N
41277,90675,N
41279,90677,N
41282,90680,N
41283,90681,N
41284,90682,N
41285,90683,N
41286,90684,N
41287,90685,N
41289,90687,N
41290,90688,N
41291,90689,N
41292,90690,N
41294,90692,N
41295,90693,N
41296,90694,N
41299,90697,N
41300,90698,N
41302,90700,N
41304,90702,N
41308,90706,N
41310,90708,N
41311,90709,N
41314,90712,N
41315,90713,N
41316,90714,N
41318,90716,N
41319,90717,N
41321,90719,N
41322,90720,N
41324,90722,N
41325,90723,N
41326,90724,N
41327,90725,N
41329,90727,N
41331,90729,N
41336,90734,N
41337,90735,N
41338,90736,N
41339,90737,N
41340,90738,N
41341,90739,N
41342,90740,N
41343,90741,N
41344,90742,N
41345,90743,N
41347,90745,N
41350,90748,N
41351,90749,N
41352,90750,N
41354,90752,N
41355,90753,N
41356,90754,N
41357,90755,N
41361,90759,N
41363,90761,N
41366,90764,N
41368,90766,N
41370,90768,N
41372,90770,N
41373,90771,N
41375,90773,N
41377,90775,N
41378,90776,N
41381,90779,N
41383,90781,N
41384,90782,N
41385,90783,N
41387,90785,N
41388,90786,N
41389,90787,N
41390,90788,N
41391,90789,N
41392,90790,N
41394,90792,N
41396,90794,N
41397,90795,N
41398,90796,N
41400,90798,N
41401,90799,N
41402,90800,N
41403,90801,N
41405,90803,N
41406,90804,N
41407,90805,N
41408,90806,N
41410,90808,N
41411,90809,N
41413,90811,N
41414,90812,N
41417,90815,N
41420,90818,N
41421,90819,N
41422,90820,N
41423,90821,N
41424,90822,N
41425,90823,N
41426,90824,N
41427,90825,N
41428,90826,N
41429,90827,N
41430,90828,N
41431,90829,N
41433,90831,N
41434,90832,N
41435,90833,N
41436,90834,N
41437,90835,N
41438,90836,N
41440,90838,N
41441,90839,N
41442,90840,N
41443,90841,N
41444,90842,N
41445,90843,N
41447,90845,N
41449,90847,N
41451,90849,N
41452,90850,N
41453,90851,N
41456,90854,N
41457,90855,N
41458,90856,N
41460,90858,N
41461,90859,N
41462,90860,N
41463,90861,N
41467,90865,N
41468,90866,N
41469,90867,N
41473,90871,N
41474,90872,N
41475,90873,N
41477,90875,N
41478,90876,N
41479,90877,N
41480,90878,N
41482,90880,N
41483,90881,N
41485,90883,N
41486,90884,N
41490,90888,N
41491,90889,N
41492,90890,N
41495,90893,N
41497,90895,N
41498,90896,N
41500,90898,N
41501,90899,N
41505,90903,N
41507,90905,N
41510,90908,N
41511,90909,N
41513,90911,N
41514,90912,N
41515,90913,N
41521,90919,N
41522,90920,N
41526,90924,N
41527,90925,N
41529,90927,N
41530,90928,N
41531,90929,N
41532,90930,N
41533,90931,N
41540,90938,N
41541,90939,N
41546,90944,N
41547,90945,N
41549,90947,N
41550,90948,N
41551,90949,N
41552,90950,N
41553,90951,N
41555,90953,N
41556,90954,N
41557,90955,N
41558,90956,N
41559,90957,N
41560,90958,N
41561,90959,N
41562,90960,N
41565,90963,N
41566,90964,N
41567,90965,N
41568,90966,N
41569,90967,N
41570,90968,N
41573,90971,N
41577,90975,N
41582,91594,N
41583,91595,N
41584,91596,N
41708,92650,N
41711,92653,N
41714,92656,N
41715,92657,N
41717,92659,N
41718,92660,N
41720,92662,N
41721,92663,N
41722,92664,N
41728,92670,N
41734,92676,N
41736,92678,N
41737,92679,N
41738,92680,N
41739,92681,N
41742,92684,N
41744,92686,N
41745,92687,N
41746,92688,N
41749,92691,N
41751,92693,N
41753,92695,N
41755,92697,N
41756,92698,N
41757,92699,N
41758,92700,N
41759,92701,N
41760,92702,N
41761,92703,N
41762,92704,N
41763,92705,N
41764,92706,N
41767,92709,N
41768,92710,N
41769,92711,N
41771,92713,N
41772,92714,N
41773,92715,N
41776,92718,N
41777,92719,N
41779,92721,N
41780,92722,N
41781,92723,N
41783,92725,N
41785,92727,N
41786,92728,N
41789,92731,N
41791,92733,N
41792,92734,N
41793,92735,N
41795,92737,N
41796,92738,N
41798,92740,N
41800,92742,N
41801,92743,N
41802,92744,N
41804,92746,N
41805,92747,N
41807,92749,N
41808,92750,N
41809,92751,N
41811,92753,N
41813,92755,N
41814,92756,N
41815,92757,N
41816,92758,N
41817,92759,N
41818,92760,N
41819,92761,N
41821,92763,N
41823,92765,N
41824,92766,N
41826,92768,N
41827,92769,N
41830,92772,N
41831,92773,N
41832,92774,N
41835,92777,N
41837,92779,N
41838,92780,N
41839,92781,N
41840,92782,N
41842,92784,N
41843,92785,N
41844,92786,N
41845,92787,N
41846,92788,N
41847,92789,N
41848,92790,N
41849,92791,N
41851,92793,N
41852,92794,N
41853,92795,N
41855,92797,N
41858,92800,N
41859,92801,N
41860,92802,N
41861,92803,N
41862,92804,N
41865,92807,N
41866,92808,N
41867,92809,N
41868,92810,N
41869,92811,N
41872,92814,N
41874,92816,N
41875,92817,N
41876,92818,N
41877,92819,N
41878,92820,N
41880,92822,N
41881,92823,N
41883,92825,N
41884,92826,N
41886,92828,N
41887,92829,N
41888,92830,N
41889,92831,N
41890,92832,N
41891,92833,N
41892,92834,N
41893,92835,N
41895,92837,N
41896,92838,N
41898,92840,N
41900,92842,N
41901,92843,N
41903,92845,N
41904,92846,N
41906,92848,N
41908,92850,N
41909,92851,N
41911,92853,N
41912,92854,N
41913,92855,N
41914,92856,N
41915,92857,N
41916,92858,N
41917,92859,N
41919,92861,N
41921,92863,N
41924,92866,N
41925,92867,N
41926,92868,N
41927,92869,N
41928,92870,N
41929,92871,N
41930,92872,N
41932,92874,N
41934,92876,N
41935,92877,N
41937,92879,N
41939,92881,N
41941,92883,N
41942,92884,N
41945,92887,N
41947,92889,N
41948,92890,N
41950,92892,N
41952,92894,N
41953,92895,N
41955,92897,N
41959,92901,N
41968,92910,N
41969,92911,N
41970,92912,N
41973,92915,N
41974,92916,N
41977,92919,N
41978,92920,N
41981,92923,N
41983,92925,N
41987,92929,N
41988,92930,N
41990,92932,N
41993,92935,N
41995,92937,N
41996,92938,N
41997,92939,N
42000,92942,N
42001,92943,N
42005,92947,N
42008,92950,N
42010,92952,N
42012,92954,N
42013,92955,N
42015,92957,N
42016,92958,N
42017,92959,N
42018,92960,N
42021,92963,N
42024,92966,N
42025,92967,N
42027,92969,N
42028,92970,N
42029,92971,N
42032,92974,N
42034,92976,N
42035,92977,N
42036,92978,N
42040,92982,N
42041,92983,N
42042,92984,N
42043,92985,N
42044,92986,N
42045,92987,N
42048,92990,N
42049,92991,N
42050,92992,N
42051,92993,N
42052,92994,N
42053,92995,N
42054,92996,N
42057,92999,N
42058,93000,N
42061,93003,N
42064,93006,N
42065,93007,N
42066,93008,N
42068,93010,N
42070,93012,N
42071,93013,N
42072,93014,N
42073,93015,N
42076,93018,N
42078,93020,N
42082,93024,N
42083,93025,N
42085,93027,N
42088,93030,N
42090,93032,N
42092,93034,N
42095,93037,N
42097,93039,N
42099,93041,N
42100,93042,N
42101,93043,N
42102,93044,N
42103,93045,N
42104,93046,N
42105,93047,N
42106,93048,N
42107,93049,N
42108,93050,N
42110,93052,N
42112,93054,N
42114,93056,N
42118,93060,N
42119,93061,N
42122,93064,N
42123,93065,N
42126,93068,N
42127,93069,N
42128,93070,N
42129,93071,N
42130,93072,N
42132,93074,N
42134,94164,N
42135,94165,N
42138,95104,N
42140,95247,N
42142,95249,N
42143,95250,N
42144,95251,N
42145,95252,N
42146,95253,N
42147,95254,N
42149,95256,N
42150,95257,N
42151,95258,N
42155,95262,N
42156,95263,N
42158,95265,N
42160,95267,N
42161,95268,N
42162,95269,N
42163,95270,N
42164,95271,N
42165,95272,N
42166,95273,N
42167,95274,N
42170,95277,N
42172,95279,N
42173,95280,N
42174,95281,N
42176,95283,N
42177,95284,N
42178,95285,N
42179,95286,N
42181,95288,N
42182,95289,N
42183,95290,N
42184,95291,N
42185,95292,N
42186,95293,N
42188,95295,N
42190,95297,N
42191,95298,N
42192,95299,N
42193,95300,N
42194,95301,N
42195,95302,N
42196,95303,N
42197,95304,N
42200,95307,N
42202,95309,N
42203,95310,N
42204,95311,N
42205,95312,N
42208,95315,N
42209,95316,N
42210,95317,N
42212,95319,N
42213,95320,N
42215,95322,N
42216,95323,N
42217,95324,N
42218,95325,N
42219,95326,N
42222,95329,N
42223,95330,N
42224,95331,N
42226,95333,N
42227,95334,N
42228,95335,N
42229,95336,N
42231,95338,N
42232,95339,N
42234,95341,N
42235,95342,N
42237,95344,N
42238,95345,N
42240,95347,N
42241,95348,N
42242,95349,N
42243,95350,N
42244,95351,N
42245,95352,N
42246,95353,N
42247,95354,N
42248,95355,N
42249,95356,N
42251,95358,N
42252,95359,N
42254,95361,N
42257,95364,N
42258,95365,N
42259,95366,N
42260,95367,N
42261,95368,N
42262,95369,N
42264,95371,N
42265,95372,N
42268,95375,N
42270,95377,N
42271,95378,N
42272,95379,N
42274,95381,N
42275,95382,N
42276,95383,N
42277,95384,N
42278,95385,N
42281,95388,N
42284,95391,N
42287,95394,N
42288,95395,N
42289,95396,N
42290,95397,N
42292,95399,N
42293,95400,N
42295,95402,N
42296,95403,N
42297,95404,N
42298,95405,N
42300,95407,N
42301,95408,N
42303,95410,N
42305,95412,N
42306,95413,N
42309,95416,N
42310,95417,N
42312,95419,N
42314,95421,N
42315,95422,N
42316,95423,N
42317,95424,N
42318,95425,N
42319,95426,N
42320,95427,N
42324,95431,N
42325,95432,N
42327,95434,N
42328,95435,N
42330,95437,N
42332,95439,N
42333,95440,N
42334,95441,N
42335,95442,N
42336,95443,N
42337,95444,N
42339,95446,N
42340,95447,N
42341,95448,N
42343,95450,N
42344,95451,N
42345,95452,N
42347,95454,N
42349,95456,N
42350,95457,N
42351,95458,N
42354,95461,N
42355,95462,N
42356,95463,N
42357,95464,N
42360,95467,N
42361,95468,N
42362,95469,N
42363,95470,N
42364,95471,N
42367,95474,N
42368,95475,N
42369,95476,N
42371,95478,N
42373,95480,N
42374,95481,N
42375,95482,N
42376,95483,N
42377,95484,N
42379,95486,N
42381,95488,N
42382,95489,N
42383,95490,N
42384,95491,N
42385,95492,N
42386,95493,N
42389,95496,N
42390,95497,N
42391,95498,N
42395,95502,N
42396,95503,N
42397,95504,N
42401,95508,N
42402,95509,N
42405,95512,N
42407,95514,N
42410,95517,N
42412,95519,N
42416,95523,N
42421,95528,N
42422,95529,N
42423,95530,N
42424,95531,N
42428,95535,N
42429,95536,N
42430,95537,N
42432,95539,N
42438,95545,N
42440,95547,N
42441,95548,N
42442,95549,N
42445,95552,N
42447,95554,N
42448,95555,N
42450,95557,N
42451,95558,N
42453,95560,N
42454,95561,N
42456,95563,N
42457,95564,N
42458,95565,N
42459,95566,N
42461,95568,N
42462,95569,N
42466,95573,N
42467,95574,N
42469,95576,N
42471,95578,N
42472,95579,N
42474,95581,N
42477,95584,N
42478,95585,N
42480,95587,N
42481,95588,N
42482,95589,N
42483,95590,N
42486,95593,N
42487,95594,N
42488,95595,N
42490,95597,N
42491,95598,N
42493,95600,N
42495,95602,N
42497,95604,N
42499,95606,N
42500,95607,N
42501,95608,N
42502,95609,N
42504,95611,N
42506,95613,N
42509,95616,N
42510,95617,N
42512,95619,N
42513,95620,N
42514,95621,N
42515,95622,N
42516,95623,N
42519,95626,N
42521,95628,N
42524,95658,N
42525,95659,N
42526,95660,N
42528,95662,N
42529,95741,N
42530,95843,N
42561,96106,N
42569,96213,N
42667,96385,N
42898,96666,N
42900,97233,N
42901,97234,N
42902,97235,N
42903,97236,N
42904,97237,N
42905,97238,N
42906,97239,N
42907,97240,N
42908,97241,N
42909,97242,N
42911,97244,N
42912,97245,N
42914,97247,N
42915,97248,N
42916,97249,N
42917,97250,N
42918,97251,N
42920,97253,N
42921,97254,N
42922,97255,N
42923,97256,N
42924,97257,N
42926,97259,N
42927,97260,N
42928,97261,N
42929,97262,N
42930,97263,N
42933,97266,N
42934,97267,N
42935,97268,N
42937,97270,N
42938,97271,N
42941,97274,N
42943,97276,N
42945,97278,N
42946,97279,N
42947,97280,N
42948,97281,N
42950,97283,N
42951,97284,N
42952,97285,N
42953,97286,N
42954,97287,N
42955,97288,N
42956,97289,N
42957,97290,N
42959,97292,N
42960,97293,N
42961,97294,N
42965,97298,N
42967,97300,N
42969,97302,N
42970,97303,N
42972,97305,N
42973,97306,N
42974,97307,N
42975,97308,N
42976,97309,N
42977,97310,N
42978,97311,N
42980,97313,N
42981,97314,N
42982,97315,N
42983,97316,N
42984,97317,N
42986,97319,N
42987,97320,N
42988,97321,N
42991,97324,N
42995,97328,N
42996,97329,N
42998,97331,N
42999,97332,N
43000,97333,N
43001,97334,N
43004,97337,N
43005,97338,N
43006,97339,N
43007,97340,N
43008,97341,N
43009,97342,N
43010,97343,N
43011,97344,N
43013,97346,N
43014,97347,N
43015,97348,N
43016,97349,N
43017,97350,N
43018,97351,N
43019,97352,N
43020,97353,N
43023,97356,N
43025,97358,N
43031,97364,N
43032,97365,N
43033,97366,N
43036,97369,N
43037,97370,N
43039,97372,N
43040,97373,N
43041,97374,N
43042,97375,N
43043,97376,N
43045,97378,N
43050,97383,N
43051,97384,N
43052,97385,N
43053,97386,N
43055,97388,N
43056,97389,N
43057,97390,N
43058,97391,N
43059,97392,N
43061,97394,N
43062,97395,N
43065,97398,N
43066,97399,N
43068,97401,N
43070,97403,N
43071,97404,N
43072,97405,N
43073,97406,N
43074,97407,N
43075,97408,N
43076,97409,N
43077,97410,N
43078,97411,N
43079,97412,N
43080,97413,N
43081,97414,N
43083,97416,N
43084,97417,N
43085,97418,N
43086,97419,N
43089,97422,N
43090,97423,N
43093,97426,N
43094,97427,N
43098,97431,N
43100,97433,N
43104,97437,N
43105,97438,N
43106,97439,N
43107,97440,N
43108,97441,N
43111,97444,N
43112,97445,N
43113,97446,N
43115,97448,N
43118,97451,N
43122,97455,N
43123,97456,N
43125,97458,N
43127,97460,N
43130,97463,N
43132,97465,N
43135,97468,N
43136,97469,N
43137,97470,N
43138,97471,N
43139,97472,N
43140,97473,N
43143,97476,N
43146,97479,N
43148,97481,N
43149,97482,N
43151,97484,N
43153,97486,N
43154,97487,N
43155,97488,N
43157,97490,N
43158,97491,N
43160,97493,N
43161,97494,N
43162,97495,N
43163,97496,N
43164,97497,N
43166,97499,N
43167,97500,N
43168,97501,N
43169,97502,N
43173,97506,N
43174,97507,N
43175,97508,N
43176,97509,N
43177,97510,N
43179,97512,N
43180,97513,N
43181,97514,N
43182,97515,N
43184,97517,N
43185,97518,N
43186,97519,N
43187,97520,N
43188,97521,N
43189,97522,N
43191,97524,N
43193,97526,N
43194,97527,N
43199,97532,N
43200,97533,N
43202,97535,N
43203,97536,N
43204,97537,N
43205,97538,N
43206,97539,N
43207,97540,N
43211,97544,N
43212,97545,N
43213,97546,N
43215,97548,N
43216,97549,N
43219,97552,N
43223,97556,N
43224,97557,N
43225,97558,N
43226,97559,N
43229,97562,N
43231,97564,N
43233,97566,N
43236,97569,N
43237,97570,N
43238,97571,N
43240,97573,N
43241,97574,N
43242,97575,N
43243,97576,N
43246,97579,N
43247,97580,N
43249,97582,N
43253,97586,N
43255,97588,N
43256,97589,N
43258,97591,N
43261,97594,N
43262,97595,N
43264,97597,N
43265,97598,N
43266,97599,N
43267,97600,N
43268,97601,N
43269,97602,N
43270,97603,N
43274,97607,N
43275,97608,N
43277,97610,N
43280,97613,N
43283,97616,N
43287,97620,N
43288,97621,N
43293,97626,N
43294,97627,N
43299,97632,N
43302,97635,N
43304,97637,N
43305,97638,N
43306,97639,N
43308,97641,N
43310,97643,N
43311,97644,N
43314,97647,N
43316,97649,N
43317,97650,N
43320,97653,N
43321,97654,N
43322,97655,N
43323,97656,N
43327,97660,N
43328,97661,N
43329,97662,N
43330,97663,N
43332,97665,N
43333,97666,N
43334,97667,N
43335,97668,N
43336,97669,N
43337,97670,N
43340,97673,N
43341,97674,N
43346,97679,N
43347,97680,N
43348,97681,N
43349,97682,N
43350,97683,N
43351,97684,N
43352,97685,N
43353,97686,N
43354,97687,N
43355,97688,N
43359,97692,N
43363,97696,N
43365,97698,N
43366,97699,N
43370,97703,N
43371,97704,N
43372,97705,N
43373,97706,N
43377,97710,N
43378,97711,N
43379,97712,N
43380,97713,N
43381,97714,N
43385,97718,N
43386,97719,N
43387,97720,N
43389,97722,N
43390,97723,N
43394,97727,N
43396,97729,N
43397,97730,N
43398,97731,N
43399,97732,N
43400,97733,N
43402,97735,N
43403,97736,N
43405,97738,N
43406,97739,N
43407,97740,N
43408,97741,N
43410,97743,N
43411,97744,N
43413,97746,N
43415,97748,N
43416,97749,N
43417,97750,N
43419,97752,N
43422,97755,N
43425,97758,N
43426,97759,N
43429,97762,N
43431,97764,N
43432,97765,N
43433,97766,N
43434,97767,N
43437,97770,N
43439,97772,N
43440,97773,N
43442,97775,N
43444,97777,N
43445,97778,N
43446,97779,N
43448,97781,N
43449,97782,N
43450,97783,N
43451,97784,N
43452,97785,N
43454,97787,N
43455,97788,N
43456,97789,N
43457,97790,N
43458,97791,N
43460,97793,N
43461,97794,N
43463,97796,N
43464,97797,N
43468,97801,N
43469,97802,N
43470,97803,N
43471,97804,N
43472,97805,N
43473,97809,N
43474,98083,N
43475,98084,N
43476,98085,N
43477,98086,N
43480,98089,N
43481,98090,N
43482,98091,N
43483,98092,N
43484,98093,N
43487,98096,N
43488,98097,N
43489,98098,N
43490,98099,N
43491,98100,N
43492,98101,N
43493,98102,N
43495,98104,N
43496,98105,N
43497,98106,N
43499,98108,N
43501,98110,N
43503,98112,N
43504,98113,N
43505,98114,N
43506,98115,N
43507,98116,N
43508,98117,N
43509,98118,N
43510,98119,N
43511,98120,N
43512,98121,N
43513,98122,N
43514,98123,N
43516,98125,N
43518,98127,N
43519,98128,N
43521,98130,N
43524,98133,N
43525,98134,N
43526,98135,N
43527,98136,N
43528,98137,N
43530,98139,N
43531,98140,N
43533,98142,N
43535,98144,N
43536,98145,N
43537,98146,N
43541,98210,N
43543,98212,N
43544,98213,N
43545,98214,N
43546,98215,N
43547,98216,N
43548,98217,N
43549,98218,N
43550,98219,N
43552,98221,N
43553,98222,N
43554,98223,N
43559,98228,N
43560,98229,N
43562,98231,N
43563,98232,N
43564,98233,N
43565,98234,N
43566,98235,N
43567,98236,N
43569,98238,N
43573,98242,N
43575,98244,N
43579,98248,N
43580,98249,N
43581,98250,N
43583,98252,N
43584,98253,N
43585,98254,N
43586,98255,N
43588,98257,N
43589,98258,N
43591,98260,N
43593,98262,N
43594,98263,N
43595,98264,N
43596,98265,N
43597,98266,N
43599,98268,N
43600,98269,N
43601,98270,N
43602,98271,N
43603,98272,N
43606,98275,N
43607,98276,N
43608,98277,N
43610,98279,N
43611,98280,N
43612,98281,N
43613,98282,N
43615,98284,N
43616,98285,N
43620,98175,N
43621,98150,N
43622,98206,N
43624,98200,N
43626,98163,N
43628,98174,N
43629,98173,N
43632,98152,N
43633,98190,N
43635,98179,N
43636,98203,N
43637,98191,N
43639,98148,N
43641,98197,N
43642,98199,N
43643,98204,N
43645,98160,N
43646,98161,N
43647,98151,N
43648,98176,N
43649,98159,N
43653,98166,N
43654,98154,N
43655,98182,N
43657,98185,N
43658,98184,N
43659,98183,N
43660,98195,N
43662,98194,N
43666,98171,N
43667,98157,N
43669,98201,N
43672,98188,N
43673,98202,N
43676,98167,N
43681,98290,N
43682,98291,N
43683,98292,N
43684,98293,N
43685,98294,N
43686,98295,N
43687,98296,N
43688,98297,N
43689,98298,N
43690,98299,N
43691,98300,N
43692,98301,N
43693,98302,N
43694,98303,N
43697,98306,N
43699,98308,N
43700,98309,N
43701,98310,N
43702,98311,N
43703,98312,N
43704,98313,N
43708,98317,N
43709,98318,N
43711,98320,N
43712,98321,N
43713,98322,N
43715,98324,N
43716,98325,N
43717,98326,N
43718,98327,N
43721,98330,N
43722,98331,N
43723,98332,N
43724,98333,N
43725,98334,N
43726,98335,N
43727,98336,N
43728,98337,N
43729,98338,N
43731,98340,N
43734,98343,N
43736,98345,N
43737,98346,N
43739,98348,N
43740,98349,N
43741,98350,N
43742,98351,N
43743,98352,N
43744,98353,N
43745,98354,N
43747,98356,N
43748,98357,N
43749,98358,N
43750,98359,N
43752,98361,N
43753,98362,N
43755,98364,N
43757,98366,N
43758,98367,N
43759,98368,N
43760,98369,N
43762,98371,N
43763,98372,N
43764,98373,N
43765,98374,N
43766,98375,N
43769,98378,N
43770,98379,N
43771,98380,N
43772,98381,N
43773,98382,N
43774,98383,N
43775,98384,N
43776,98385,N
43778,98387,N
43780,98389,N
43783,98392,N
43784,98393,N
43785,98394,N
43786,98395,N
43789,98398,N
43790,98399,N
43792,98401,N
43793,98402,N
43794,98403,N
43795,98404,N
43796,98405,N
43797,98406,N
43798,98407,N
43799,98408,N
43800,98409,N
43801,98410,N
43802,98411,N
43805,98414,N
43807,98416,N
43811,98420,N
43814,98423,N
43815,98424,N
43819,98428,N
43820,98429,N
43821,98430,N
43823,98432,N
43825,98434,N
43826,98435,N
43827,98436,N
43828,98437,N
43831,98440,N
43832,98441,N
43833,98442,N
43836,98461,N
43837,98467,N
43846,98586,N
43847,98587,N
43848,98588,N
43851,98591,N
43852,98592,N
43853,98593,N
43898,98638,N
44080,99085,N
44081,99086,N
44085,99090,N
44086,99091,N
44088,99093,N
44089,99094,N
44090,99095,N
44091,99096,N
44092,99097,N
44095,99100,N
44096,99101,N
44097,99102,N
44101,99106,N
44102,99107,N
44103,99108,N
44104,99109,N
44106,99111,N
44108,99113,N
44109,99114,N
44111,99116,N
44112,99117,N
44114,99119,N
44115,99120,N
44116,99121,N
44117,99122,N
44118,99123,N
44120,99125,N
44121,99126,N
44122,99127,N
44126,99131,N
44127,99132,N
44128,99133,N
44130,99135,N
44134,99139,N
44136,99141,N
44138,99161,N
44140,99163,N
44141,99164,N
44142,99165,N
44143,99166,N
44146,99169,N
44147,99170,N
44149,99172,N
44151,99174,N
44152,99175,N
44153,99176,N
44154,99177,N
44155,99178,N
44156,99179,N
44157,99180,N
44158,99181,N
44159,99182,N
44161,99184,N
44162,99185,N
44163,99186,N
44167,99190,N
44170,99193,N
44171,99194,N
44172,99195,N
44173,99196,N
44174,99197,N
44175,99198,N
44177,99200,N
44178,99201,N
44180,99203,N
44184,99207,N
44185,99208,N
44187,99210,N
44188,99211,N
44190,99213,N
44191,99214,N
44193,99216,N
44194,99217,N
44195,99218,N
44197,99220,N
44199,99222,N
44200,99223,N
44203,99226,N
44204,99227,N
44206,99229,N
44207,99230,N
44208,99231,N
44210,99233,N
44213,99236,N
44214,99237,N
44216,99239,N
44218,99241,N
44219,99242,N
44220,99243,N
44221,99244,N
44222,99245,N
44224,99247,N
44225,99248,N
44226,99249,N
44227,99250,N
44228,99251,N
44233,99256,N
44236,99259,N
44237,99260,N
44238,99261,N
44240,99263,N
44241,99264,N
44242,99265,N
44243,99266,N
44244,99267,N
44248,99271,N
44249,99272,N
44250,99273,N
44251,99274,N
44252,99275,N
44255,99278,N
44256,99279,N
44257,99280,N
44258,99281,N
44259,99282,N
44261,99284,N
44262,99285,N
44264,99287,N
44265,99288,N
44266,99289,N
44268,99291,N
44270,99293,N
44271,99294,N
44272,99295,N
44273,99296,N
44274,99297,N
44275,99298,N
44277,99300,N
44278,99301,N
44279,99302,N
44281,99304,N
44283,99306,N
44285,99308,N
44287,99310,N
44288,99311,N
44289,99312,N
44290,99313,N
44291,99314,N
44292,99315,N
44293,99316,N
44294,99317,N
44295,99318,N
44297,99320,N
44298,99321,N
44299,99322,N
44301,99324,N
44302,99325,N
44303,99326,N
44304,99327,N
44306,99329,N
44307,99330,N
44308,99331,N
44310,99333,N
44311,99334,N
44312,99335,N
44314,99337,N
44315,99338,N
44316,99339,N
44317,99340,N
44318,99341,N
44319,99342,N
44320,99343,N
44322,99345,N
44323,99346,N
44324,99347,N
44326,99349,N
44328,99351,N
44329,99352,N
44331,99354,N
44332,99355,N
44334,99357,N
44335,99358,N
44336,99359,N
44337,99360,N
44338,99361,N
44340,99363,N
44341,99364,N
44342,99365,N
44343,99366,N
44346,99369,N
44349,99372,N
44350,99373,N
44351,99374,N
44352,99375,N
44353,99376,N
44354,99377,N
44356,99379,N
44357,99380,N
44358,99381,N
44360,99383,N
44362,99385,N
44363,99386,N
44368,99391,N
44369,99392,N
44370,99393,N
44371,99394,N
44374,99397,N
44376,99399,N
44377,99400,N
44378,99401,N
44380,99403,N
44381,99404,N
44382,99405,N
44385,99408,N
44386,99409,N
44387,99410,N
44388,99411,N
44389,99412,N
44391,99414,N
44392,99415,N
44393,99416,N
44394,99417,N
44395,99418,N
44397,99420,N
44399,99422,N
44400,99423,N
44401,99424,N
44403,99426,N
44404,99427,N
44405,99428,N
44406,99429,N
44407,99430,N
44408,99431,N
44410,99433,N
44411,99434,N
44413,99436,N
44414,99437,N
44416,99439,N
44421,99444,N
44422,99445,N
44423,99446,N
44424,99447,N
44425,99448,N
44428,99451,N
44429,99452,N
44431,99454,N
44432,99455,N
44433,99456,N
44434,99457,N
44435,99458,N
44436,99459,N
44437,99460,N
44438,99461,N
44440,99463,N
44441,99464,N
44442,99465,N
44443,99466,N
44444,99467,N
44445,99468,N
44447,99470,N
44450,99473,N
44452,99475,N
44453,99476,N
44454,99477,N
44456,99479,N
44457,99480,N
44458,99481,N
44459,99482,N
44460,99483,N
44464,99487,N
44467,99490,N
44468,99491,N
44469,99492,N
44470,99493,N
44471,99494,N
44473,99496,N
44475,99498,N
44479,99502,N
44480,99503,N
44483,99506,N
44485,99508,N
44486,99509,N
44487,99510,N
44488,99511,N
44489,99512,N
44490,99513,N
44491,99514,N
44492,99515,N
44494,99517,N
44495,99518,N
44497,99520,N
44498,99521,N
44500,99523,N
44501,99524,N
44505,99528,N
44509,99532,N
44510,99533,N
44512,99535,N
44513,99536,N
44514,99537,N
44515,99538,N
44517,99540,N
44518,99541,N
44520,100410,N
44522,100412,N
44523,100413,N
44524,100414,N
44525,100415,N
44527,100417,N
44528,100418,N
44533,100423,N
44534,100424,N
44536,100882,N
44538,100884,N
44539,100885,N
44540,100886,N
44541,100887,N
44542,100888,N
44543,100889,N
44544,100890,N
44545,100891,N
44546,100892,N
44547,100893,N
44549,100895,N
44550,100896,N
44553,100899,N
44555,100901,N
44557,100903,N
44560,100906,N
44561,100907,N
44562,100908,N
44563,100909,N
44566,100912,N
44567,100913,N
44568,100914,N
44569,100915,N
44571,100917,N
44572,100918,N
44573,100919,N
44574,100920,N
44575,100921,N
44576,100922,N
44577,100923,N
44578,100924,N
44580,100926,N
44581,100927,N
44582,100928,N
44583,100929,N
44584,100930,N
44586,100932,N
44587,100933,N
44589,100935,N
44590,100936,N
44591,100937,N
44592,100938,N
44593,100939,N
44594,100940,N
44595,100941,N
44597,100943,N
44600,100946,N
44601,100947,N
44603,100949,N
44604,100950,N
44605,100951,N
44606,100952,N
44607,100953,N
44608,100954,N
44609,100955,N
44610,100956,N
44612,100958,N
44613,100959,N
44615,100961,N
44616,100962,N
44617,100963,N
44618,100964,N
44619,100965,N
44620,100966,N
44622,100968,N
44624,100970,N
44625,100971,N
44626,100972,N
44627,100973,N
44630,100976,N
44631,100977,N
44632,100978,N
44633,100979,N
44636,100982,N
44637,100983,N
44638,100984,N
44639,100985,N
44640,100986,N
44641,100987,N
44642,100988,N
44643,100989,N
44644,100990,N
44645,100991,N
44646,100992,N
44647,100993,N
44649,100995,N
44650,100996,N
44651,100997,N
44652,100998,N
44654,101000,N
44655,101001,N
44656,101002,N
44657,101003,N
44658,101004,N
44660,101006,N
44662,101008,N
44663,101009,N
44666,101012,N
44668,101014,N
44669,101015,N
44670,101016,N
44671,101017,N
44672,101018,N
44673,101019,N
44675,101021,N
44677,101023,N
44678,101024,N
44679,101025,N
44681,101027,N
44682,101028,N
44683,101029,N
44684,101030,N
44685,101031,N
44687,101033,N
44689,101035,N
44690,101036,N
44691,101037,N
44693,101039,N
44694,101040,N
44696,101042,N
44697,101043,N
44699,101045,N
44700,101046,N
44701,101047,N
44702,101048,N
44703,101049,N
44704,101050,N
44705,101051,N
44706,101052,N
44708,101054,N
44710,101056,N
44711,101057,N
44712,101058,N
44713,101059,N
44714,101060,N
44716,101062,N
44717,101063,N
44718,101064,N
44719,101065,N
44721,101067,N
44725,101071,N
44727,101073,N
44728,101074,N
44729,101075,N
44730,101076,N
44731,101077,N
44733,101079,N
44735,101081,N
44736,101082,N
44738,101084,N
44740,101086,N
44741,101087,N
44742,101088,N
44743,101089,N
44745,101091,N
44747,101093,N
44748,101094,N
44750,101096,N
44751,101097,N
44753,101099,N
44755,101101,N
44758,101104,N
44759,101105,N
44760,101106,N
44761,101107,N
44762,101108,N
44763,101109,N
44765,101111,N
44766,101112,N
44767,101113,N
44769,101115,N
44770,101116,N
44771,101117,N
44773,101119,N
44775,101121,N
44777,101123,N
44778,101124,N
44781,101127,N
44784,101130,N
44785,101131,N
44786,101132,N
44787,101133,N
44788,101134,N
44789,101135,N
44790,101136,N
44792,101138,N
44793,101139,N
44795,101141,N
44796,101142,N
44797,101143,N
44798,101144,N
44799,101145,N
44802,101148,N
44803,101149,N
44804,101150,N
44805,101151,N
44807,101153,N
44809,101155,N
44811,101157,N
44812,101158,N
44813,101159,N
44814,101160,N
44815,101161,N
44816,101162,N
44817,101163,N
44820,101166,N
44821,101167,N
44822,101168,N
44823,101169,N
44826,101172,N
44828,101174,N
44829,101175,N
44830,101176,N
44831,101177,N
44832,101178,N
44833,101179,N
44835,101181,N
44837,101183,N
44838,101184,N
44839,101185,N
44841,101187,N
44842,101188,N
44843,101189,N
44845,101191,N
44852,101199,N
44854,101201,N
44855,101202,N
44857,101204,N
44860,101207,N
44864,101211,N
44865,101212,N
44866,101213,N
44867,101214,N
44868,101215,N
44869,101216,N
44871,101218,N
44873,101220,N
44874,101221,N
44875,101222,N
44876,101223,N
44877,101224,N
44878,101225,N
44880,101227,N
44881,101228,N
44882,101229,N
44884,101231,N
44885,101232,N
44886,101233,N
44887,101234,N
44891,101238,N
44893,101240,N
44895,101242,N
44896,101243,N
44899,101246,N
44902,101249,N
44905,101252,N
44906,101253,N
44909,101256,N
44910,101257,N
44911,101258,N
44914,101261,N
44917,101264,N
44920,101267,N
44921,101268,N
44923,101270,N
44925,101272,N
44926,101273,N
44927,101274,N
44928,101275,N
44929,101276,N
44930,101277,N
44932,101279,N
44935,101282,N
44936,101283,N
44937,101284,N
44939,101286,N
44941,101288,N
44945,101292,N
44946,101293,N
44947,101294,N
44948,101295,N
44949,101296,N
44950,101297,N
44952,101299,N
44956,101303,N
44961,101308,N
44962,101309,N
44963,101310,N
44965,101312,N
44966,101313,N
44967,101314,N
44968,101315,N
44969,101316,N
44970,101317,N
44971,101318,N
44973,101320,N
44974,101321,N
44979,101326,N
44982,101329,N
44983,101330,N
44985,101332,N
44987,101334,N
44988,101335,N
44989,101336,N
44992,101339,N
44993,101340,N
44995,101342,N
44996,101343,N
44998,101345,N
44999,101346,N
45002,101349,N
45003,101350,N
45004,101351,N
45007,101354,N
45010,101357,N
45011,101358,N
45014,101361,N
45016,101363,N
45017,101364,N
45018,101365,N
45019,101366,N
45022,101369,N
45023,101370,N
45026,101373,N
45029,101376,N
45031,101378,N
45034,101381,N
45035,101382,N
45036,101383,N
45037,101384,N
45038,101448,N
45039,101449,N
45040,101450,N
45041,101451,N
45042,101452,N
45043,101453,N
45044,101454,N
45046,101456,N
45047,101457,N
45048,101458,N
45050,101460,N
45051,101461,N
45052,101462,N
45053,101463,N
45054,101464,N
45055,101465,N
45056,101466,N
45057,101467,N
45058,101468,N
45059,101469,N
45060,101470,N
45061,101471,N
45063,101473,N
45064,101474,N
45065,101475,N
45066,101476,N
45067,101477,N
45070,101480,N
45071,101481,N
45073,101483,N
45075,101485,N
45076,101486,N
45077,101487,N
45079,101489,N
45081,101491,N
45082,101492,N
45084,101494,N
45085,101495,N
45087,101497,N
45088,101498,N
45089,101499,N
45090,101500,N
45091,101501,N
45093,101503,N
45094,101504,N
45095,101505,N
45098,101508,N
45103,101513,N
45104,101514,N
45106,101516,N
45107,101517,N
45108,101518,N
45109,101519,N
45110,101520,N
45111,101521,N
45113,101523,N
45114,101524,N
45115,101525,N
45116,101526,N
45118,101528,N
45119,101529,N
45120,101530,N
45121,101531,N
45123,101533,N
45124,101534,N
45125,101535,N
45126,101536,N
45127,101537,N
45128,101538,N
45129,101539,N
45130,101540,N
45131,101541,N
45132,101542,N
45134,101544,N
45135,101545,N
45136,101546,N
45138,101548,N
45139,101549,N
45140,101550,N
45141,101551,N
45144,101554,N
45145,101555,N
45146,101556,N
45147,101557,N
45148,101558,N
45149,101559,N
45150,101560,N
45151,101561,N
45152,101562,N
45153,101563,N
45154,101564,N
45156,101566,N
45157,101567,N
45158,101568,N
45160,101570,N
45162,101572,N
45164,101574,N
45166,101576,N
45168,101578,N
45170,101580,N
45171,101581,N
45172,101582,N
45175,101585,N
45176,101586,N
45177,101587,N
45178,101588,N
45179,101589,N
45182,101592,N
45183,101593,N
45184,101594,N
45186,101596,N
45188,101598,N
45189,101599,N
45192,101602,N
45197,101607,N
45198,101608,N
45205,101615,N
45206,101616,N
45209,101619,N
45210,101620,N
45213,101623,N
45214,101624,N
45215,101625,N
45216,101626,N
45217,101627,N
45218,101628,N
45220,101630,N
45221,101631,N
45222,101632,N
45224,101634,N
45225,101635,N
45227,101637,N
45229,101639,N
45230,101640,N
45231,101641,N
45233,101643,N
45234,101644,N
45235,101645,N
45236,101646,N
45239,101649,N
45240,101650,N
45241,101651,N
45242,101652,N
45244,101654,N
45245,101655,N
45248,101658,N
45250,101660,N
45251,101661,N
45252,101662,N
45254,101664,N
45255,101665,N
45256,101666,N
45259,101669,N
45260,101670,N
45261,101671,N
45262,101672,N
45264,101674,N
45266,101676,N
45267,101677,N
45268,101678,N
45271,101681,N
45272,101682,N
45273,101683,N
45277,101687,N
45278,101688,N
45280,101690,N
45281,101691,N
45282,101692,N
45283,101693,N
45284,101694,N
45287,101697,N
45288,101698,N
45290,101700,N
45291,101701,N
45294,101704,N
45295,101705,N
45296,101706,N
45297,101707,N
45298,101708,N
45299,101709,N
45303,101713,N
45306,101716,N
45308,101718,N
45309,101719,N
45312,101722,N
45314,101724,N
45317,101727,N
45318,101728,N
45319,101729,N
45320,101730,N
45322,101732,N
45324,101734,N
45327,101737,N
45328,101738,N
45329,101739,N
45331,101741,N
45335,101745,N
45338,101748,N
45339,101749,N
45341,101751,N
45342,101752,N
45345,101755,N
45346,101756,N
45348,101758,N
45351,101761,N
45353,101763,N
45354,101764,N
45355,101765,N
45356,101766,N
45359,101769,N
45360,101770,N
45361,101771,N
45363,101773,N
45366,101776,N
45368,101778,N
45369,101779,N
45370,101780,N
45372,101782,N
45373,101783,N
45374,101784,N
45375,101785,N
45378,101788,N
45379,101789,N
45380,101790,N
45389,101799,N
45391,101801,N
45392,101802,N
45393,101803,N
45394,101804,N
45395,101805,N
45399,101809,N
45402,101812,N
45407,101817,N
45408,101818,N
45409,101819,N
45410,101820,N
45413,101823,N
45415,101825,N
45416,101826,N
45417,101827,N
45419,101829,N
45420,101830,N
45421,101831,N
45424,102302,N
45426,102378,N
45428,102380,N
45429,102381,N
45430,102382,N
45431,102383,N
45432,102384,N
45433,102385,N
45435,102387,N
45436,102388,N
45437,102389,N
45438,102390,N
45440,102392,N
45441,102393,N
45442,102394,N
45443,102395,N
45444,102396,N
45445,102397,N
45446,102398,N
45448,102400,N
45449,102401,N
45452,102404,N
45453,102405,N
45455,102407,N
45458,102410,N
45459,102411,N
45460,102412,N
45461,102413,N
45462,102414,N
45464,102416,N
45465,102417,N
45467,102419,N
45468,102420,N
45470,102422,N
45471,102423,N
45473,102425,N
45474,102426,N
45475,102427,N
45476,102428,N
45479,102431,N
45480,102432,N
45481,102433,N
45482,102434,N
45484,102436,N
45486,102438,N
45487,102439,N
45488,102440,N
45491,102443,N
45493,102445,N
45494,102446,N
45495,102447,N
45497,102449,N
45499,102451,N
45501,102453,N
45503,102455,N
45504,102456,N
45505,102457,N
45506,102458,N
45507,102459,N
45508,102460,N
45509,102461,N
45510,102462,N
45511,102463,N
45513,102465,N
45514,102466,N
45515,102467,N
45517,102469,N
45518,102470,N
45522,102474,N
45523,102475,N
45524,102476,N
45525,102477,N
45526,102478,N
45527,102479,N
45528,102480,N
45531,102483,N
45532,102484,N
45534,102486,N
45535,102487,N
45536,102488,N
45537,102489,N
45540,102492,N
45541,102493,N
45542,102494,N
45543,102495,N
45544,102496,N
45545,102497,N
45546,102498,N
45547,102499,N
45548,102500,N
45549,102501,N
45550,102502,N
45553,102505,N
45554,102506,N
45555,102507,N
45556,102508,N
45557,102509,N
45558,102510,N
45559,102511,N
45564,102516,N
45565,102517,N
45566,102518,N
45567,102519,N
45568,102520,N
45571,102523,N
45572,102524,N
45573,102525,N
45574,102526,N
45577,102529,N
45579,102767,N
45580,102768,N
45581,102769,N
45583,102771,N
45584,102772,N
45586,102774,N
45588,102776,N
45590,102778,N
45591,102779,N
45592,102780,N
45595,102783,N
45597,102785,N
45599,102787,N
45600,102788,N
45601,102789,N
45604,102792,N
45605,102793,N
45610,102798,N
45611,102799,N
45612,102800,N
45614,102802,N
45616,102804,N
45617,102805,N
45619,102807,N
45621,102809,N
45623,102811,N
45624,102812,N
45625,102813,N
45627,102815,N
45628,102816,N
45629,102817,N
45631,102819,N
45635,102823,N
45636,102824,N
45637,102825,N
45638,102826,N
45640,102828,N
45643,102831,N
45645,102833,N
45646,102834,N
45647,102835,N
45649,102837,N
45652,102840,N
45654,102842,N
45656,102844,N
45657,102845,N
45658,102846,N
45659,102847,N
45660,102848,N
45661,102849,N
45664,102852,N
45665,102853,N
45667,102855,N
45668,102856,N
45670,102858,N
45673,102861,N
45674,102862,N
45675,102863,N
45678,102866,N
45679,102867,N
45681,102869,N
45682,102870,N
45683,102871,N
45685,102875,N
45688,102878,N
45689,102879,N
45690,102880,N
45691,102881,N
45692,102882,N
45694,102884,N
45696,102886,N
45697,102887,N
45699,102889,N
45701,102891,N
45702,102892,N
45705,102895,N
45710,102900,N
45711,102901,N
45712,102902,N
45714,102904,N
45715,102905,N
45717,102907,N
45718,102908,N
45719,102909,N
45720,102910,N
45721,102911,N
45722,102912,N
45723,102913,N
45725,102915,N
45728,102918,N
45733,102923,N
45737,102927,N
45738,102928,N
45739,102929,N
45741,102931,N
45742,102932,N
45744,102934,N
45747,102937,N
45748,102938,N
45750,102940,N
45751,102941,N
45753,102943,N
45755,102945,N
45756,102946,N
45758,102948,N
45759,102949,N
45760,102950,N
45761,102951,N
45763,102953,N
45764,102954,N
45765,102955,N
45766,102956,N
45768,102958,N
45769,102959,N
45770,102960,N
45771,102961,N
45776,102966,N
45778,103153,N
45781,103851,N
45782,104067,N
45784,104600,N
45790,104723,N
45791,104724,N
45792,104725,N
45793,104726,N
45795,104728,N
45797,104730,N
45799,104732,N
45801,104734,N
45802,104735,N
45803,104736,N
45804,104737,N
45805,104738,N
45806,104739,N
45807,104740,N
45808,104741,N
45810,104743,N
45811,104744,N
45817,104750,N
45819,104752,N
45820,104753,N
45822,104755,N
45824,104757,N
45825,104758,N
45826,104759,N
45827,104760,N
45828,104761,N
45829,104762,N
45830,104763,N
45831,104764,N
45833,104766,N
45834,104767,N
45835,104768,N
45836,104769,N
45837,104770,N
45838,104771,N
45841,104774,N
45843,104776,N
45844,104777,N
45845,104778,N
45846,104779,N
45847,104780,N
45849,104782,N
45853,104786,N
45854,104787,N
45855,104788,N
45856,104789,N
45857,104790,N
45858,104791,N
45860,104793,N
45861,104794,N
45862,104795,N
45865,104798,N
45866,104799,N
45868,104801,N
45869,104802,N
45870,104803,N
45872,104805,N
45873,104806,N
45874,104807,N
45875,104808,N
45877,104810,N
45879,104812,N
45882,104815,N
45883,104816,N
45884,104817,N
45885,104818,N
45886,104819,N
45891,104824,N
45893,104826,N
45894,104827,N
45895,104828,N
45897,104830,N
45898,104831,N
45899,104832,N
45900,104833,N
45903,104836,N
45904,104837,N
45905,104838,N
45908,104841,N
45909,104842,N
45912,104845,N
45913,104846,N
45914,104847,N
45917,104850,N
45919,104852,N
45920,104853,N
45921,104854,N
45922,104855,N
45924,104857,N
45925,104858,N
45926,104859,N
45927,104860,N
45929,104862,N
45930,104863,N
45931,104864,N
45933,104866,N
45934,104867,N
45935,104868,N
45938,104871,N
45939,104872,N
45940,104873,N
45941,104874,N
45943,104876,N
45945,104878,N
45946,104879,N
45947,104880,N
45948,104881,N
45949,104882,N
45953,104886,N
45955,104888,N
45958,104891,N
45959,104892,N
45960,104893,N
45961,104894,N
45962,104895,N
45963,104896,N
45964,104897,N
45965,104898,N
45967,104900,N
45969,104902,N
45970,104903,N
45972,104905,N
45974,104907,N
45975,104908,N
45976,104909,N
45978,104911,N
45979,104912,N
45982,104915,N
45983,104916,N
45985,104918,N
45986,104919,N
45987,104920,N
45989,104922,N
45992,104925,N
45996,104929,N
45998,104931,N
45999,104932,N
46000,104933,N
46001,104934,N
46002,104935,N
46003,104936,N
46004,104937,N
46007,104940,N
46009,104942,N
46010,104943,N
46011,104944,N
46012,104945,N
46013,104946,N
46014,104947,N
46016,104949,N
46018,104951,N
46020,104953,N
46022,104955,N
46023,104956,N
46024,104957,N
46025,104958,N
46027,104960,N
46028,104961,N
46029,104962,N
46030,104963,N
46031,104964,N
46032,104965,N
46033,104966,N
46034,104967,N
46036,104969,N
46038,104971,N
46040,104973,N
46044,104977,N
46048,104981,N
46051,104984,N
46053,104986,N
46054,104987,N
46055,104988,N
46056,104989,N
46058,104991,N
46059,104992,N
46060,104993,N
46063,104996,N
46065,104998,N
46066,104999,N
46068,105001,N
46070,105003,N
46071,105004,N
46073,105006,N
46074,105007,N
46075,105008,N
46077,105010,N
46079,105012,N
46080,105013,N
46081,105014,N
46083,105016,N
46084,105017,N
46085,105018,N
46086,105019,N
46088,105021,N
46089,105022,N
46090,105023,N
46091,105024,N
46092,105025,N
46093,105026,N
46094,105027,N
46097,105030,N
46100,105033,N
46101,105034,N
46103,105036,N
46105,105038,N
46106,105039,N
46110,105043,N
46111,105044,N
46112,105045,N
46116,105049,N
46119,105052,N
46120,105053,N
46123,105056,N
46124,105057,N
46125,105058,N
46126,105059,N
46127,105060,N
46128,105061,N
46130,105063,N
46131,105064,N
46133,105066,N
46134,105067,N
46135,105068,N
46138,105071,N
46139,105072,N
46143,105076,N
46148,105081,N
46149,105082,N
46150,105083,N
46151,105084,N
46152,105085,N
46153,105086,N
46154,105087,N
46155,105088,N
46156,105089,N
46158,105091,N
46159,105092,N
46160,105093,N
46162,105095,N
46163,105096,N
46164,105097,N
46165,105098,N
46166,105099,N
46168,105101,N
46169,105102,N
46171,105104,N
46174,105107,N
46175,105108,N
46176,105109,N
46177,105110,N
46179,105112,N
46180,105113,N
46182,105115,N
46183,105116,N
46185,105118,N
46186,105119,N
46191,105124,N
46192,105125,N
46193,105126,N
46194,105127,N
46195,105128,N
46199,105132,N
46200,105133,N
46201,105134,N
46204,105137,N
46205,105138,N
46206,105139,N
46207,105140,N
46208,105141,N
46209,105142,N
46210,105143,N
46213,105146,N
46214,105147,N
46216,105149,N
46217,105150,N
46219,105152,N
46220,105153,N
46224,105157,N
46225,105158,N
46226,105159,N
46227,105160,N
46229,105162,N
46230,105163,N
46234,105167,N
46236,105169,N
46237,105170,N
46239,105172,N
46240,105173,N
46241,105174,N
46242,105175,N
46245,105178,N
46246,105179,N
46247,105180,N
46249,105182,N
46250,105183,N
46253,105186,N
46254,105187,N
46255,105188,N
46256,105189,N
46258,105191,N
46259,105192,N
46260,105193,N
46264,105197,N
46265,105198,N
46266,105199,N
46267,105200,N
46268,105201,N
46269,105202,N
46271,105204,N
46272,105205,N
46273,105206,N
46274,105207,N
46277,105210,N
46278,105211,N
46279,105212,N
46280,105213,N
46282,105215,N
46287,105220,N
46288,105221,N
46289,105222,N
46294,105227,N
46297,105230,N
46298,105231,N
46302,105235,N
46304,105237,N
46305,105238,N
46306,105239,N
46307,105240,N
46309,105242,N
46310,105243,N
46311,105244,N
46313,105246,N
46316,105249,N
46317,105250,N
46318,105251,N
46320,105253,N
46321,105254,N
46323,105256,N
46324,105257,N
46326,105259,N
46329,105262,N
46330,105263,N
46333,105266,N
46334,105267,N
46336,105269,N
46337,105270,N
46338,105271,N
46339,105272,N
46342,105275,N
46343,105276,N
46346,105279,N
46347,105418,N
46351,105514,N
46353,105565,N
46355,105567,N
46357,105569,N
46359,105571,N
46360,105572,N
46361,105573,N
46362,105574,N
46363,105575,N
46365,105577,N
46367,105579,N
46368,105580,N
46369,105581,N
46370,105582,N
46371,105583,N
46373,105585,N
46374,105586,N
46375,105587,N
46377,105589,N
46378,105590,N
46379,105591,N
46380,105592,N
46382,105594,N
46383,105595,N
46384,105596,N
46385,105597,N
46387,105599,N
46389,105601,N
46392,105604,N
46395,105607,N
46396,105608,N
46397,105609,N
46399,105611,N
46400,105612,N
46402,105614,N
46403,105615,N
46405,105617,N
46406,105618,N
46408,105620,N
46411,105623,N
46412,105624,N
46414,105626,N
46415,105627,N
46416,105628,N
46417,105629,N
46418,105630,N
46420,105632,N
46421,105633,N
46422,105634,N
46424,105636,N
46427,105639,N
46430,105642,N
46431,105643,N
46432,105644,N
46433,105645,N
46434,105646,N
46436,105648,N
46438,105650,N
46439,105651,N
46440,105652,N
46441,105653,N
46443,105655,N
46444,105656,N
46446,105658,N
46447,105659,N
46451,105663,N
46453,105665,N
46457,105669,N
46458,105670,N
46459,105671,N
46461,105673,N
46462,105674,N
46463,105675,N
46464,105676,N
46466,105678,N
46467,105679,N
46468,105680,N
46469,105681,N
46470,105682,N
46472,105684,N
46478,105690,N
46479,105691,N
46482,105694,N
46485,105697,N
46486,105698,N
46487,105699,N
46488,105700,N
46489,105701,N
46490,105702,N
46491,105703,N
46497,105709,N
46501,105713,N
46502,105714,N
46503,105715,N
46504,105716,N
46505,105717,N
46508,105720,N
46510,105722,N
46511,105723,N
46512,105724,N
46513,105725,N
46514,105726,N
46516,105728,N
46517,105729,N
46518,105730,N
46519,105731,N
46520,105732,N
46521,105733,N
46524,105736,N
46525,105737,N
46526,105738,N
46530,105742,N
46532,105744,N
46534,105746,N
46536,105748,N
46538,105750,N
46539,105751,N
46541,105753,N
46543,105755,N
46545,105757,N
46546,105758,N
46548,105760,N
46549,105761,N
46550,105762,N
46551,105763,N
46552,105764,N
46553,105765,N
46554,105766,N
46555,105767,N
46556,105768,N
46557,105769,N
46558,105770,N
46560,105772,N
46563,105775,N
46564,105776,N
46565,105777,N
46566,105778,N
46567,105779,N
46568,105780,N
46569,105781,N
46570,105782,N
46571,105783,N
46573,105785,N
46574,105786,N
46575,105787,N
46576,105788,N
46580,105792,N
46581,105793,N
46582,105794,N
46585,105797,N
46586,105798,N
46588,105800,N
46592,105804,N
46596,105808,N
46597,105809,N
46600,105812,N
46601,105813,N
46602,105814,N
46603,105815,N
46605,105817,N
46606,105818,N
46607,105819,N
46609,105821,N
46610,105822,N
46612,105824,N
46614,105826,N
46615,105827,N
46616,105828,N
46618,105830,N
46619,105831,N
46620,105832,N
46623,105835,N
46624,105836,N
46628,105840,N
46629,105841,N
46630,105842,N
46631,105843,N
46632,105844,N
46636,105848,N
46637,105849,N
46641,105853,N
46643,105855,N
46644,105856,N
46645,105857,N
46647,105859,N
46649,105861,N
46651,105863,N
46653,105865,N
46654,105866,N
46655,105867,N
46659,105871,N
46660,105872,N
46663,105875,N
46665,105877,N
46668,105880,N
46669,105881,N
46670,105882,N
46671,105883,N
46672,105884,N
46673,105885,N
46677,105889,N
46679,105891,N
46680,105892,N
46682,105894,N
46683,105895,N
46684,105896,N
46686,105898,N
46692,105904,N
46693,105905,N
46695,105907,N
46697,105909,N
46699,105911,N
46703,105915,N
46704,105916,N
46705,105917,N
46710,105922,N
46712,105924,N
46713,105925,N
46714,105926,N
46715,105927,N
46717,105929,N
46719,105931,N
46720,105932,N
46725,105937,N
46726,105938,N
46727,105939,N
46729,105941,N
46730,105942,N
46731,105943,N
46733,105945,N
46734,105946,N
46736,105948,N
46737,105949,N
46739,105951,N
46740,105952,N
46741,105953,N
46743,105955,N
46744,105956,N
46747,105959,N
46755,106132,N
46756,106133,N
46757,106134,N
46759,106136,N
46760,106137,N
46761,106138,N
46762,106139,N
46763,106140,N
46764,106141,N
46766,106143,N
46767,106144,N
46768,106145,N
46769,106146,N
46770,106147,N
46771,106148,N
46773,106150,N
46774,106151,N
46775,106152,N
46776,106153,N
46777,106154,N
46778,106155,N
46779,106156,N
46780,106157,N
46781,106158,N
46783,106160,N
46784,106161,N
46785,106162,N
46786,106163,N
46787,106164,N
46788,106165,N
46789,106166,N
46790,106167,N
46791,106168,N
46793,106170,N
46794,106171,N
46796,106173,N
46797,106174,N
46798,106175,N
46799,106176,N
46800,106177,N
46801,106178,N
46802,106179,N
46804,106181,N
46805,106182,N
46807,106184,N
46810,106187,N
46811,106188,N
46813,106190,N
46814,106191,N
46815,106192,N
46819,106196,N
46820,106197,N
46821,106198,N
46822,106199,N
46823,106200,N
46825,106202,N
46826,106203,N
46827,106204,N
46828,106205,N
46830,106207,N
46831,106208,N
46832,106209,N
46833,106210,N
46834,106211,N
46837,106214,N
46839,106216,N
46840,106217,N
46841,106218,N
46842,106219,N
46843,106220,N
46844,106221,N
46846,106223,N
46847,106224,N
46848,106225,N
46849,106226,N
46850,106227,N
46851,106228,N
46852,106229,N
46853,106230,N
46854,106231,N
46855,106232,N
46857,106234,N
46858,106235,N
46859,106236,N
46860,106237,N
46863,106240,N
46864,106241,N
46865,106242,N
46866,106243,N
46867,106244,N
46869,106246,N
46870,106247,N
46871,106248,N
46872,106249,N
46875,106252,N
46876,106253,N
46877,106254,N
46879,106256,N
46880,106257,N
46882,106259,N
46883,106260,N
46885,106262,N
46886,106263,N
46888,106265,N
46889,106266,N
46892,106269,N
46893,106270,N
46895,106272,N
46896,106273,N
46897,106274,N
46898,106275,N
46901,106278,N
46903,106280,N
46904,106281,N
46905,106282,N
46906,106283,N
46907,106284,N
46909,106286,N
46910,106287,N
46911,106288,N
46912,106289,N
46913,106290,N
46914,106291,N
46915,106292,N
46916,106293,N
46917,106294,N
46921,106298,N
46922,106299,N
46923,106300,N
46924,106301,N
46925,106302,N
46926,106303,N
46928,106305,N
46929,106306,N
46930,106307,N
46931,106308,N
46932,106309,N
46933,106310,N
46935,106312,N
46936,106313,N
46937,106314,N
46938,106315,N
46941,106318,N
46943,106320,N
46945,106322,N
46947,106324,N
46950,106327,N
46951,106328,N
46953,106330,N
46957,106334,N
46958,106335,N
46959,106336,N
46960,106337,N
46962,106339,N
46964,106341,N
46965,106342,N
46967,106344,N
46968,106345,N
46969,106346,N
46972,106349,N
46974,106351,N
46975,106352,N
46976,106353,N
46979,106356,N
46980,106357,N
46983,106360,N
46984,106361,N
46985,106362,N
46988,106365,N
46989,106366,N
46991,106368,N
46993,106370,N
46995,106372,N
46996,106373,N
46997,106374,N
46998,106375,N
46999,106376,N
47000,106377,N
47001,106378,N
47002,106379,N
47003,106380,N
47004,106381,N
47005,106382,N
47007,106384,N
47008,106385,N
47009,106386,N
47015,106392,N
47017,106394,N
47018,106395,N
47019,106396,N
47020,106397,N
47021,106398,N
47022,106399,N
47026,106403,N
47027,106404,N
47029,106406,N
47032,106409,N
47033,106410,N
47034,106411,N
47037,106414,N
47041,106418,N
47042,106419,N
47043,106420,N
47044,106421,N
47045,106422,N
47047,106424,N
47048,106425,N
47049,106426,N
47050,106427,N
47051,106428,N
47054,106431,N
47057,106434,N
47058,106435,N
47060,106437,N
47063,106440,N
47064,106441,N
47066,106443,N
47067,106444,N
47068,106445,N
47069,106446,N
47070,106447,N
47071,106448,N
47072,106449,N
47073,106450,N
47075,106452,N
47079,106456,N
47080,106457,N
47081,106458,N
47082,106459,N
47083,106460,N
47084,106461,N
47085,106462,N
47086,106463,N
47088,106465,N
47090,106467,N
47091,106468,N
47092,106469,N
47094,106471,N
47095,106472,N
47097,106474,N
47098,106475,N
47099,106476,N
47101,106478,N
47102,106479,N
47103,106480,N
47107,106484,N
47108,106485,N
47109,106486,N
47111,106488,N
47112,106489,N
47113,106490,N
47114,106491,N
47115,106492,N
47118,106495,N
47119,106496,N
47122,106499,N
47124,106501,N
47125,106502,N
47127,106504,N
47128,106505,N
47129,106787,N
47138,107714,N
47139,107715,N
47147,107791,N
47148,107792,N
47151,107834,N
47152,107835,N
47154,107837,N
47155,107838,N
47156,107839,N
47157,107840,N
47158,107841,N
47160,107843,N
47161,107844,N
47162,107845,N
47163,107846,N
47164,107847,N
47167,107850,N
47168,107851,N
47169,107852,N
47171,107854,N
47173,107856,N
47174,107857,N
47175,107858,N
47176,107859,N
47177,107860,N
47178,107861,N
47179,107862,N
47181,107864,N
47184,107867,N
47185,107868,N
47190,107873,N
47191,107874,N
47192,107875,N
47195,107878,N
47197,107880,N
47200,107883,N
47201,107884,N
47202,107885,N
47203,107886,N
47204,107887,N
47206,107889,N
47207,107890,N
47210,107893,N
47211,107894,N
47213,107896,N
47214,107897,N
47216,107899,N
47217,107900,N
47218,107901,N
47219,107902,N
47220,107903,N
47222,107905,N
47223,107906,N
47224,107907,N
47225,107908,N
47228,107911,N
47229,107912,N
47231,107914,N
47233,107916,N
47234,107917,N
47236,107919,N
47237,107920,N
47238,107921,N
47239,107922,N
47240,107923,N
47241,107924,N
47242,107925,N
47243,107926,N
47244,107927,N
47246,107929,N
47247,107930,N
47248,107931,N
47250,107933,N
47255,107938,N
47256,107939,N
47257,107940,N
47258,107941,N
47261,107944,N
47262,107945,N
47263,107946,N
47264,107947,N
47266,107949,N
47268,107951,N
47269,107952,N
47270,107953,N
47272,107955,N
47273,107956,N
47275,107958,N
47276,107959,N
47277,107960,N
47278,107961,N
47279,107962,N
47280,107963,N
47281,107964,N
47282,107965,N
47284,107967,N
47285,107968,N
47286,107969,N
47287,107970,N
47288,107971,N
47289,107972,N
47290,107973,N
47291,107974,N
47292,107975,N
47293,107976,N
47295,107978,N
47297,107980,N
47299,107982,N
47300,107983,N
47301,107984,N
47302,107985,N
47304,107987,N
47306,107989,N
47307,107990,N
47308,107991,N
47309,107992,N
47311,107994,N
47314,107997,N
47315,107998,N
47316,107999,N
47317,108000,N
47319,108002,N
47320,108003,N
47322,108005,N
47324,108007,N
47325,108008,N
47326,108009,N
47327,108010,N
47328,108011,N
47329,108012,N
47331,108014,N
47332,108015,N
47333,108016,N
47334,108017,N
47335,108018,N
47336,108019,N
47337,108020,N
47338,108021,N
47339,108022,N
47340,108023,N
47341,108024,N
47342,108025,N
47343,108026,N
47344,108027,N
47345,108028,N
47346,108029,N
47348,108031,N
47350,108033,N
47351,108034,N
47354,108037,N
47355,108038,N
47357,108040,N
47358,108041,N
47359,108042,N
47361,108044,N
47363,108046,N
47365,108048,N
47367,108050,N
47368,108051,N
47369,108052,N
47370,108053,N
47371,108054,N
47372,108055,N
47375,108058,N
47377,108060,N
47382,108065,N
47384,108067,N
47385,108068,N
47386,108069,N
47387,108070,N
47388,108071,N
47389,108072,N
47391,108074,N
47392,108075,N
47393,108076,N
47394,108077,N
47395,108078,N
47396,108079,N
47402,108085,N
47404,108087,N
47406,108089,N
47408,108091,N
47409,108092,N
47410,108093,N
47411,108094,N
47412,108095,N
47413,108096,N
47415,108098,N
47417,108100,N
47422,108105,N
47423,108106,N
47424,108107,N
47425,108108,N
47426,108109,N
47427,108110,N
47428,108111,N
47429,108112,N
47430,108113,N
47432,108115,N
47433,108116,N
47434,108117,N
47435,108118,N
47436,108119,N
47439,108122,N
47440,108123,N
47441,108124,N
47442,108125,N
47443,108126,N
47444,108127,N
47445,108128,N
47446,108129,N
47447,108130,N
47448,108131,N
47449,108132,N
47450,108133,N
47451,108134,N
47452,108135,N
47453,108136,N
47455,108138,N
47456,108139,N
47459,108142,N
47460,108143,N
47461,108144,N
47462,108145,N
47463,108146,N
47464,108147,N
47465,108148,N
47466,108149,N
47467,108150,N
47470,108153,N
47473,108156,N
47475,108158,N
47476,108159,N
47477,108160,N
47478,108161,N
47479,108162,N
47480,108163,N
47481,108164,N
47482,108165,N
47483,108166,N
47485,108168,N
47486,108169,N
47487,108170,N
47488,108171,N
47489,108172,N
47490,108173,N
47491,108174,N
47493,108176,N
47494,108177,N
47495,108178,N
47496,108179,N
47497,108180,N
47498,108181,N
47500,108183,N
47501,108184,N
47502,108185,N
47503,108186,N
47504,108187,N
47505,108188,N
47506,108189,N
47509,108192,N
47510,108193,N
47511,108194,N
47512,108195,N
47513,108196,N
47516,108199,N
47517,108200,N
47524,108207,N
47525,108208,N
47526,108209,N
47527,108210,N
47528,108211,N
47530,108213,N
47532,108215,N
47533,108216,N
47534,108217,N
47535,108218,N
47538,108221,N
47539,108222,N
47540,108223,N
47542,108225,N
47543,108226,N
47545,108228,N
47546,108229,N
47547,108230,N
47548,108231,N
47550,108233,N
47551,108234,N
47553,108236,N
47555,108238,N
47556,108239,N
47557,108240,N
47558,108241,N
47559,108242,N
47560,108243,N
47562,108245,N
47563,108246,N
47566,108249,N
47567,108250,N
47568,108251,N
47570,108253,N
47573,108256,N
47575,108258,N
47577,108260,N
47580,108263,N
47581,108264,N
47582,108265,N
47587,108270,N
47588,108271,N
47589,108272,N
47590,108273,N
47591,108274,N
47592,108275,N
47593,108276,N
47594,108277,N
47597,108280,N
47598,108281,N
47600,108283,N
47601,108284,N
47602,108285,N
47603,108286,N
47605,108288,N
47609,108292,N
47611,108294,N
47612,108295,N
47613,108296,N
47614,108297,N
47615,108298,N
47616,108299,N
47617,108300,N
47619,108302,N
47621,108304,N
47623,108306,N
47624,108307,N
47629,108312,N
47630,108313,N
47632,108315,N
47635,108318,N
47636,108319,N
47639,108322,N
47641,108324,N
47643,108326,N
47644,108327,N
47645,108328,N
47646,108329,N
47651,108334,N
47652,108335,N
47658,108341,N
47659,108342,N
47660,108343,N
47661,108344,N
47662,108345,N
47663,108346,N
47664,108347,N
47665,108348,N
47666,108349,N
47669,108352,N
47670,108353,N
47671,108354,N
47673,108356,N
47676,108376,N
47677,108377,N
47678,108409,N
47681,108412,N
47682,108413,N
47683,108414,N
47684,108415,N
47685,108416,N
47686,108417,N
47687,108418,N
47688,108419,N
47689,108420,N
47690,108421,N
47691,108422,N
47692,108423,N
47693,108424,N
47694,108425,N
47697,108428,N
47701,108432,N
47704,108435,N
47705,108436,N
47707,108438,N
47708,108439,N
47710,108441,N
47711,108442,N
47713,108444,N
47714,108445,N
47715,108446,N
47716,108447,N
47718,108449,N
47719,108450,N
47720,108451,N
47722,108453,N
47723,108454,N
47725,108456,N
47726,108457,N
47728,108459,N
47729,108460,N
47730,108461,N
47731,108462,N
47732,108463,N
47733,108464,N
47735,108466,N
47736,108467,N
47738,108469,N
47741,108472,N
47742,108473,N
47743,108474,N
47744,108475,N
47745,108476,N
47746,108477,N
47747,108478,N
47748,108479,N
47749,108480,N
47750,108481,N
47752,108483,N
47755,108486,N
47757,108488,N
47758,108489,N
47759,108490,N
47761,108492,N
47762,108493,N
47763,108494,N
47764,108495,N
47765,108496,N
47768,108499,N
47769,108500,N
47770,108501,N
47771,108502,N
47773,108504,N
47774,108505,N
47776,108507,N
47777,108508,N
